2026-07-21 16:03:03,569 [INFO] Load pretrained SentenceTransformer: /home/iot-classification/qwen3_embedding_06b
Loading weights:   0%|          | 0/310 [00:00<?, ?it/s]Loading weights:   5%|▌         | 16/310 [00:00<00:02, 113.09it/s]Loading weights:   9%|▉         | 28/310 [00:00<00:02, 102.09it/s]Loading weights:  14%|█▍        | 44/310 [00:00<00:02, 115.21it/s]Loading weights:  18%|█▊        | 56/310 [00:00<00:02, 110.20it/s]Loading weights:  22%|██▏       | 68/310 [00:00<00:02, 91.31it/s] Loading weights:  27%|██▋       | 84/310 [00:00<00:02, 108.30it/s]Loading weights:  34%|███▍      | 106/310 [00:00<00:01, 136.12it/s]Loading weights:  39%|███▉      | 121/310 [00:01<00:01, 137.36it/s]Loading weights:  45%|████▌     | 140/310 [00:01<00:01, 145.61it/s]Loading weights:  51%|█████     | 157/310 [00:01<00:01, 120.89it/s]Loading weights:  56%|█████▌    | 173/310 [00:01<00:01, 127.82it/s]Loading weights:  62%|██████▏   | 191/310 [00:01<00:00, 139.50it/s]Loading weights:  66%|██████▋   | 206/310 [00:01<00:00, 137.89it/s]Loading weights:  73%|███████▎  | 226/310 [00:01<00:00, 152.63it/s]Loading weights:  80%|████████  | 248/310 [00:01<00:00, 168.24it/s]Loading weights: 100%|██████████| 310/310 [00:01<00:00, 166.93it/s]
2026-07-21 16:03:13,886 [INFO] 1 prompt is loaded, with the key: query
2026-07-21 16:03:14,189 [INFO] Service analysis for as_embedding started at 2026-07-21 16:03:14
2026-07-21 16:03:14,189 [INFO] Feature columns: ['as-info']
2026-07-21 16:03:14,508 [INFO] [as Embedding (PCA: True)] Embedding for Device ALARM running...
2026-07-21 16:04:06,508 [INFO] Embedding Length: 709
2026-07-21 16:04:08,062 [INFO] [**] Qwen3 embedding done!
2026-07-21 16:04:08,062 [INFO] [PCA] PCA for Device ALARM running...
2026-07-21 16:04:09,193 [INFO] [PCA] PCA for Device ALARM done!
2026-07-21 16:04:09,193 [INFO] [HDBSCAN] HDBSCAN for Device ALARM running...
2026-07-21 16:04:09,709 [INFO] [HDBSCAN] Cluster Result of Device ALARM: 9 clusters, 356 noise points
2026-07-21 16:04:09,709 [INFO] [HDBSCAN] Clustering done for Device ALARM
2026-07-21 16:04:10,144 [INFO] PCA (256) Embedding & Clustering Result Saved at /home/iot-classification/platform_data/csv/local/1/embedding_as/ipraw_ALARM_embedding_as_pca.csv
2026-07-21 16:04:10,500 [INFO] [as Embedding (PCA: True)] Embedding for Device CONTROLLER running...
2026-07-21 16:04:41,397 [INFO] Embedding Length: 469
2026-07-21 16:04:42,426 [INFO] [**] Qwen3 embedding done!
2026-07-21 16:04:42,427 [INFO] [PCA] PCA for Device CONTROLLER running...
2026-07-21 16:04:42,694 [INFO] [PCA] PCA for Device CONTROLLER done!
2026-07-21 16:04:42,694 [INFO] [HDBSCAN] HDBSCAN for Device CONTROLLER running...
2026-07-21 16:04:42,993 [INFO] [HDBSCAN] Cluster Result of Device CONTROLLER: 6 clusters, 184 noise points
2026-07-21 16:04:42,993 [INFO] [HDBSCAN] Clustering done for Device CONTROLLER
2026-07-21 16:04:43,282 [INFO] PCA (256) Embedding & Clustering Result Saved at /home/iot-classification/platform_data/csv/local/1/embedding_as/ipraw_CONTROLLER_embedding_as_pca.csv
2026-07-21 16:04:43,282 [INFO] [*] Drawing 2D cluster plot for device ALARM - perspective embedding_as
2026-07-21 16:04:46,583 [INFO] [+] 2D cluster plot saved to: /home/iot-classification/platform_data/csv/local/1/embedding_as/png/cluster_2d_ALARM_pca1_pca2_dbscan(pca).png
2026-07-21 16:04:46,583 [INFO] [*] Drawing 2D cluster plot for device CONTROLLER - perspective embedding_as
2026-07-21 16:04:48,887 [INFO] [+] 2D cluster plot saved to: /home/iot-classification/platform_data/csv/local/1/embedding_as/png/cluster_2d_CONTROLLER_pca1_pca2_dbscan(pca).png
2026-07-21 16:04:48,895 [INFO] Service analysis for as_embedding finished at 2026-07-21 16:04:48
2026-07-21 16:04:48,895 [INFO] ['ALARM', 'CONTROLLER']
2026-07-21 16:04:48,895 [INFO] Analyzing embedding_as distribution for device ALARM
2026-07-21 16:04:49,177 [INFO] embedding_as distribution stats saved to: /home/iot-classification/platform_data/csv/local/1/embedding_as/json/embedding_as_distribution_ALARM.json
2026-07-21 16:04:49,178 [INFO]   - Unique as-info: 447
2026-07-21 16:04:49,178 [INFO] Drawing embedding_as combination bar chart for ALARM...
2026-07-21 16:04:50,249 [INFO] embedding_as combination bar chart saved to: /home/iot-classification/platform_data/csv/local/1/embedding_as/png/embedding_as_combination_bar_ALARM.png
2026-07-21 16:04:50,250 [INFO] Analyzing embedding_as distribution for device CONTROLLER
2026-07-21 16:04:50,316 [INFO] embedding_as distribution stats saved to: /home/iot-classification/platform_data/csv/local/1/embedding_as/json/embedding_as_distribution_CONTROLLER.json
2026-07-21 16:04:50,316 [INFO]   - Unique as-info: 277
2026-07-21 16:04:50,316 [INFO] Drawing embedding_as combination bar chart for CONTROLLER...
2026-07-21 16:04:51,364 [INFO] embedding_as combination bar chart saved to: /home/iot-classification/platform_data/csv/local/1/embedding_as/png/embedding_as_combination_bar_CONTROLLER.png
2026-07-21 16:04:51,365 [INFO] Embedding & Clustering for as_embedding finished in 97.18 seconds
2026-07-21 16:04:51,365 [INFO] Service analysis for whois_embedding started at 2026-07-21 16:04:51
2026-07-21 16:04:51,366 [INFO] Feature columns: ['whois-info']
2026-07-21 16:04:51,735 [INFO] [whois Embedding (PCA: True)] Embedding for Device ALARM running...
2026-07-21 16:05:38,449 [INFO] Embedding Length: 709
2026-07-21 16:05:39,955 [INFO] [**] Qwen3 embedding done!
2026-07-21 16:05:39,956 [INFO] [PCA] PCA for Device ALARM running...
2026-07-21 16:05:40,305 [INFO] [PCA] PCA for Device ALARM done!
2026-07-21 16:05:40,305 [INFO] [HDBSCAN] HDBSCAN for Device ALARM running...
2026-07-21 16:05:40,762 [INFO] [HDBSCAN] Cluster Result of Device ALARM: 6 clusters, 490 noise points
2026-07-21 16:05:40,762 [INFO] [HDBSCAN] Clustering done for Device ALARM
2026-07-21 16:05:41,188 [INFO] PCA (256) Embedding & Clustering Result Saved at /home/iot-classification/platform_data/csv/local/1/embedding_whois/ipraw_ALARM_embedding_whois_pca.csv
2026-07-21 16:05:41,544 [INFO] [whois Embedding (PCA: True)] Embedding for Device CONTROLLER running...
2026-07-21 16:06:12,239 [INFO] Embedding Length: 469
2026-07-21 16:06:13,240 [INFO] [**] Qwen3 embedding done!
2026-07-21 16:06:13,240 [INFO] [PCA] PCA for Device CONTROLLER running...
2026-07-21 16:06:13,494 [INFO] [PCA] PCA for Device CONTROLLER done!
2026-07-21 16:06:13,494 [INFO] [HDBSCAN] HDBSCAN for Device CONTROLLER running...
2026-07-21 16:06:13,780 [INFO] [HDBSCAN] Cluster Result of Device CONTROLLER: 6 clusters, 264 noise points
2026-07-21 16:06:13,780 [INFO] [HDBSCAN] Clustering done for Device CONTROLLER
2026-07-21 16:06:14,080 [INFO] PCA (256) Embedding & Clustering Result Saved at /home/iot-classification/platform_data/csv/local/1/embedding_whois/ipraw_CONTROLLER_embedding_whois_pca.csv
2026-07-21 16:06:14,080 [INFO] [*] Drawing 2D cluster plot for device ALARM - perspective embedding_whois
2026-07-21 16:06:16,421 [INFO] [+] 2D cluster plot saved to: /home/iot-classification/platform_data/csv/local/1/embedding_whois/png/cluster_2d_ALARM_pca1_pca2_dbscan(pca).png
2026-07-21 16:06:16,421 [INFO] [*] Drawing 2D cluster plot for device CONTROLLER - perspective embedding_whois
2026-07-21 16:06:18,659 [INFO] [+] 2D cluster plot saved to: /home/iot-classification/platform_data/csv/local/1/embedding_whois/png/cluster_2d_CONTROLLER_pca1_pca2_dbscan(pca).png
2026-07-21 16:06:18,666 [INFO] Service analysis for whois_embedding finished at 2026-07-21 16:06:18
2026-07-21 16:06:18,666 [INFO] ['ALARM', 'CONTROLLER']
2026-07-21 16:06:18,666 [INFO] Analyzing embedding_whois distribution for device ALARM
2026-07-21 16:06:18,905 [INFO] embedding_whois distribution stats saved to: /home/iot-classification/platform_data/csv/local/1/embedding_whois/json/embedding_whois_distribution_ALARM.json
2026-07-21 16:06:18,905 [INFO]   - Unique whois-info: 390
2026-07-21 16:06:18,905 [INFO] Drawing embedding_whois combination bar chart for ALARM...
2026-07-21 16:06:20,080 [INFO] embedding_whois combination bar chart saved to: /home/iot-classification/platform_data/csv/local/1/embedding_whois/png/embedding_whois_combination_bar_ALARM.png
2026-07-21 16:06:20,080 [INFO] Analyzing embedding_whois distribution for device CONTROLLER
2026-07-21 16:06:20,147 [INFO] embedding_whois distribution stats saved to: /home/iot-classification/platform_data/csv/local/1/embedding_whois/json/embedding_whois_distribution_CONTROLLER.json
2026-07-21 16:06:20,147 [INFO]   - Unique whois-info: 140
2026-07-21 16:06:20,147 [INFO] Drawing embedding_whois combination bar chart for CONTROLLER...
2026-07-21 16:06:21,290 [INFO] embedding_whois combination bar chart saved to: /home/iot-classification/platform_data/csv/local/1/embedding_whois/png/embedding_whois_combination_bar_CONTROLLER.png
2026-07-21 16:06:21,290 [INFO] Embedding & Clustering for whois_embedding finished in 89.92 seconds
2026-07-21 16:06:21,291 [INFO] Service analysis for os_embedding started at 2026-07-21 16:06:21
2026-07-21 16:06:21,291 [INFO] Feature columns: ['os-info']
2026-07-21 16:06:21,673 [INFO] [os Embedding (PCA: True)] Embedding for Device ALARM running...
2026-07-21 16:07:07,818 [INFO] Embedding Length: 709
2026-07-21 16:07:09,305 [INFO] [**] Qwen3 embedding done!
2026-07-21 16:07:09,305 [INFO] [PCA] PCA for Device ALARM running...
2026-07-21 16:07:09,692 [INFO] [PCA] PCA for Device ALARM done!
2026-07-21 16:07:09,693 [INFO] [HDBSCAN] HDBSCAN for Device ALARM running...
2026-07-21 16:07:10,075 [INFO] [HDBSCAN] Cluster Result of Device ALARM: 4 clusters, 72 noise points
2026-07-21 16:07:10,075 [INFO] [HDBSCAN] Clustering done for Device ALARM
2026-07-21 16:07:10,559 [INFO] PCA (256) Embedding & Clustering Result Saved at /home/iot-classification/platform_data/csv/local/1/embedding_os/ipraw_ALARM_embedding_os_pca.csv
2026-07-21 16:07:10,915 [INFO] [os Embedding (PCA: True)] Embedding for Device CONTROLLER running...
2026-07-21 16:07:40,940 [INFO] Embedding Length: 469
2026-07-21 16:07:41,942 [INFO] [**] Qwen3 embedding done!
2026-07-21 16:07:41,942 [INFO] [PCA] PCA for Device CONTROLLER running...
2026-07-21 16:07:42,191 [INFO] [PCA] PCA for Device CONTROLLER done!
2026-07-21 16:07:42,192 [INFO] [HDBSCAN] HDBSCAN for Device CONTROLLER running...
2026-07-21 16:07:42,460 [INFO] [HDBSCAN] Cluster Result of Device CONTROLLER: 2 clusters, 0 noise points
2026-07-21 16:07:42,460 [INFO] [HDBSCAN] Clustering done for Device CONTROLLER
2026-07-21 16:07:42,803 [INFO] PCA (256) Embedding & Clustering Result Saved at /home/iot-classification/platform_data/csv/local/1/embedding_os/ipraw_CONTROLLER_embedding_os_pca.csv
2026-07-21 16:07:42,804 [INFO] [*] Drawing 2D cluster plot for device ALARM - perspective embedding_os
2026-07-21 16:07:44,973 [INFO] [+] 2D cluster plot saved to: /home/iot-classification/platform_data/csv/local/1/embedding_os/png/cluster_2d_ALARM_pca1_pca2_dbscan(pca).png
2026-07-21 16:07:44,974 [INFO] [*] Drawing 2D cluster plot for device CONTROLLER - perspective embedding_os
2026-07-21 16:07:46,760 [INFO] [+] 2D cluster plot saved to: /home/iot-classification/platform_data/csv/local/1/embedding_os/png/cluster_2d_CONTROLLER_pca1_pca2_dbscan(pca).png
2026-07-21 16:07:46,772 [INFO] Service analysis for os_embedding finished at 2026-07-21 16:07:46
2026-07-21 16:07:46,772 [INFO] ['ALARM', 'CONTROLLER']
2026-07-21 16:07:46,773 [INFO] Analyzing embedding_os distribution for device ALARM
2026-07-21 16:07:47,035 [INFO] embedding_os distribution stats saved to: /home/iot-classification/platform_data/csv/local/1/embedding_os/json/embedding_os_distribution_ALARM.json
2026-07-21 16:07:47,035 [INFO]   - Unique os-info: 58
2026-07-21 16:07:47,035 [INFO] Drawing embedding_os combination bar chart for ALARM...
2026-07-21 16:07:47,878 [INFO] embedding_os combination bar chart saved to: /home/iot-classification/platform_data/csv/local/1/embedding_os/png/embedding_os_combination_bar_ALARM.png
2026-07-21 16:07:47,878 [INFO] Analyzing embedding_os distribution for device CONTROLLER
2026-07-21 16:07:47,950 [INFO] embedding_os distribution stats saved to: /home/iot-classification/platform_data/csv/local/1/embedding_os/json/embedding_os_distribution_CONTROLLER.json
2026-07-21 16:07:47,950 [INFO]   - Unique os-info: 19
2026-07-21 16:07:47,950 [INFO] Drawing embedding_os combination bar chart for CONTROLLER...
2026-07-21 16:07:48,540 [INFO] embedding_os combination bar chart saved to: /home/iot-classification/platform_data/csv/local/1/embedding_os/png/embedding_os_combination_bar_CONTROLLER.png
2026-07-21 16:07:48,541 [INFO] Embedding & Clustering for os_embedding finished in 87.25 seconds
2026-07-21 16:07:48,541 [INFO] Service analysis for sw_embedding started at 2026-07-21 16:07:48
2026-07-21 16:07:48,541 [INFO] Feature columns: ['sw-info']
2026-07-21 16:07:48,958 [INFO] [sw Embedding (PCA: True)] Embedding for Device ALARM running...
2026-07-21 16:08:41,460 [INFO] Embedding Length: 709
2026-07-21 16:08:42,975 [INFO] [**] Qwen3 embedding done!
2026-07-21 16:08:42,975 [INFO] [PCA] PCA for Device ALARM running...
2026-07-21 16:08:43,409 [INFO] [PCA] PCA for Device ALARM done!
2026-07-21 16:08:43,409 [INFO] [HDBSCAN] HDBSCAN for Device ALARM running...
2026-07-21 16:08:43,789 [INFO] [HDBSCAN] Cluster Result of Device ALARM: 4 clusters, 306 noise points
2026-07-21 16:08:43,789 [INFO] [HDBSCAN] Clustering done for Device ALARM
2026-07-21 16:08:44,223 [INFO] PCA (256) Embedding & Clustering Result Saved at /home/iot-classification/platform_data/csv/local/1/embedding_sw/ipraw_ALARM_embedding_sw_pca.csv
2026-07-21 16:08:44,613 [INFO] [sw Embedding (PCA: True)] Embedding for Device CONTROLLER running...
2026-07-21 16:09:15,771 [INFO] Embedding Length: 469
2026-07-21 16:09:16,778 [INFO] [**] Qwen3 embedding done!
2026-07-21 16:09:16,778 [INFO] [PCA] PCA for Device CONTROLLER running...
2026-07-21 16:09:17,077 [INFO] [PCA] PCA for Device CONTROLLER done!
2026-07-21 16:09:17,077 [INFO] [HDBSCAN] HDBSCAN for Device CONTROLLER running...
2026-07-21 16:09:17,294 [INFO] [HDBSCAN] Cluster Result of Device CONTROLLER: 3 clusters, 224 noise points
2026-07-21 16:09:17,294 [INFO] [HDBSCAN] Clustering done for Device CONTROLLER
2026-07-21 16:09:17,593 [INFO] PCA (256) Embedding & Clustering Result Saved at /home/iot-classification/platform_data/csv/local/1/embedding_sw/ipraw_CONTROLLER_embedding_sw_pca.csv
2026-07-21 16:09:17,593 [INFO] [*] Drawing 2D cluster plot for device ALARM - perspective embedding_sw
2026-07-21 16:09:19,699 [INFO] [+] 2D cluster plot saved to: /home/iot-classification/platform_data/csv/local/1/embedding_sw/png/cluster_2d_ALARM_pca1_pca2_dbscan(pca).png
2026-07-21 16:09:19,700 [INFO] [*] Drawing 2D cluster plot for device CONTROLLER - perspective embedding_sw
2026-07-21 16:09:21,788 [INFO] [+] 2D cluster plot saved to: /home/iot-classification/platform_data/csv/local/1/embedding_sw/png/cluster_2d_CONTROLLER_pca1_pca2_dbscan(pca).png
2026-07-21 16:09:21,796 [INFO] Service analysis for sw_embedding finished at 2026-07-21 16:09:21
2026-07-21 16:09:21,796 [INFO] ['ALARM', 'CONTROLLER']
2026-07-21 16:09:21,796 [INFO] Analyzing embedding_sw distribution for device ALARM
2026-07-21 16:09:22,050 [INFO] embedding_sw distribution stats saved to: /home/iot-classification/platform_data/csv/local/1/embedding_sw/json/embedding_sw_distribution_ALARM.json
2026-07-21 16:09:22,050 [INFO]   - Unique sw-info: 310
2026-07-21 16:09:22,050 [INFO] Drawing embedding_sw combination bar chart for ALARM...
2026-07-21 16:09:23,432 [INFO] embedding_sw combination bar chart saved to: /home/iot-classification/platform_data/csv/local/1/embedding_sw/png/embedding_sw_combination_bar_ALARM.png
2026-07-21 16:09:23,432 [INFO] Analyzing embedding_sw distribution for device CONTROLLER
2026-07-21 16:09:23,502 [INFO] embedding_sw distribution stats saved to: /home/iot-classification/platform_data/csv/local/1/embedding_sw/json/embedding_sw_distribution_CONTROLLER.json
2026-07-21 16:09:23,502 [INFO]   - Unique sw-info: 184
2026-07-21 16:09:23,502 [INFO] Drawing embedding_sw combination bar chart for CONTROLLER...
2026-07-21 16:09:24,532 [INFO] embedding_sw combination bar chart saved to: /home/iot-classification/platform_data/csv/local/1/embedding_sw/png/embedding_sw_combination_bar_CONTROLLER.png
2026-07-21 16:09:24,533 [INFO] Embedding & Clustering for sw_embedding finished in 95.99 seconds
2026-07-21 16:09:24,533 [INFO] Service analysis for hw_embedding started at 2026-07-21 16:09:24
2026-07-21 16:09:24,533 [INFO] Feature columns: ['hw-info']
2026-07-21 16:09:24,924 [INFO] [hw Embedding (PCA: True)] Embedding for Device ALARM running...
2026-07-21 16:10:13,524 [INFO] Embedding Length: 709
2026-07-21 16:10:15,050 [INFO] [**] Qwen3 embedding done!
2026-07-21 16:10:15,050 [INFO] [PCA] PCA for Device ALARM running...
2026-07-21 16:10:15,505 [INFO] [PCA] PCA for Device ALARM done!
2026-07-21 16:10:15,506 [INFO] [HDBSCAN] HDBSCAN for Device ALARM running...
2026-07-21 16:10:15,928 [INFO] [HDBSCAN] Cluster Result of Device ALARM: 6 clusters, 379 noise points
2026-07-21 16:10:15,929 [INFO] [HDBSCAN] Clustering done for Device ALARM
2026-07-21 16:10:16,367 [INFO] PCA (256) Embedding & Clustering Result Saved at /home/iot-classification/platform_data/csv/local/1/embedding_hw/ipraw_ALARM_embedding_hw_pca.csv
2026-07-21 16:10:16,734 [INFO] [hw Embedding (PCA: True)] Embedding for Device CONTROLLER running...
2026-07-21 16:10:47,654 [INFO] Embedding Length: 469
2026-07-21 16:10:48,666 [INFO] [**] Qwen3 embedding done!
2026-07-21 16:10:48,666 [INFO] [PCA] PCA for Device CONTROLLER running...
2026-07-21 16:10:48,994 [INFO] [PCA] PCA for Device CONTROLLER done!
2026-07-21 16:10:48,994 [INFO] [HDBSCAN] HDBSCAN for Device CONTROLLER running...
2026-07-21 16:10:49,268 [INFO] [HDBSCAN] Cluster Result of Device CONTROLLER: 3 clusters, 223 noise points
2026-07-21 16:10:49,268 [INFO] [HDBSCAN] Clustering done for Device CONTROLLER
2026-07-21 16:10:49,569 [INFO] PCA (256) Embedding & Clustering Result Saved at /home/iot-classification/platform_data/csv/local/1/embedding_hw/ipraw_CONTROLLER_embedding_hw_pca.csv
2026-07-21 16:10:49,569 [INFO] [*] Drawing 2D cluster plot for device ALARM - perspective embedding_hw
2026-07-21 16:10:51,836 [INFO] [+] 2D cluster plot saved to: /home/iot-classification/platform_data/csv/local/1/embedding_hw/png/cluster_2d_ALARM_pca1_pca2_dbscan(pca).png
2026-07-21 16:10:51,837 [INFO] [*] Drawing 2D cluster plot for device CONTROLLER - perspective embedding_hw
2026-07-21 16:10:53,914 [INFO] [+] 2D cluster plot saved to: /home/iot-classification/platform_data/csv/local/1/embedding_hw/png/cluster_2d_CONTROLLER_pca1_pca2_dbscan(pca).png
2026-07-21 16:10:53,921 [INFO] Service analysis for hw_embedding finished at 2026-07-21 16:10:53
2026-07-21 16:10:53,921 [INFO] ['ALARM', 'CONTROLLER']
2026-07-21 16:10:53,921 [INFO] Analyzing embedding_hw distribution for device ALARM
2026-07-21 16:10:54,158 [INFO] embedding_hw distribution stats saved to: /home/iot-classification/platform_data/csv/local/1/embedding_hw/json/embedding_hw_distribution_ALARM.json
2026-07-21 16:10:54,158 [INFO]   - Unique hw-info: 393
2026-07-21 16:10:54,158 [INFO] Drawing embedding_hw combination bar chart for ALARM...
2026-07-21 16:10:55,677 [INFO] embedding_hw combination bar chart saved to: /home/iot-classification/platform_data/csv/local/1/embedding_hw/png/embedding_hw_combination_bar_ALARM.png
2026-07-21 16:10:55,678 [INFO] Analyzing embedding_hw distribution for device CONTROLLER
2026-07-21 16:10:55,743 [INFO] embedding_hw distribution stats saved to: /home/iot-classification/platform_data/csv/local/1/embedding_hw/json/embedding_hw_distribution_CONTROLLER.json
2026-07-21 16:10:55,743 [INFO]   - Unique hw-info: 186
2026-07-21 16:10:55,744 [INFO] Drawing embedding_hw combination bar chart for CONTROLLER...
2026-07-21 16:10:57,024 [INFO] embedding_hw combination bar chart saved to: /home/iot-classification/platform_data/csv/local/1/embedding_hw/png/embedding_hw_combination_bar_CONTROLLER.png
2026-07-21 16:10:57,025 [INFO] Embedding & Clustering for hw_embedding finished in 92.49 seconds
2026-07-21 16:10:57,025 [INFO] Service analysis for sd_embedding started at 2026-07-21 16:10:57
2026-07-21 16:10:57,025 [INFO] Feature columns: ['service-distribution']
2026-07-21 16:10:57,406 [INFO] [sd Embedding (PCA: True)] Embedding for Device ALARM running...
2026-07-21 16:11:44,770 [INFO] Embedding Length: 709
2026-07-21 16:11:46,294 [INFO] [**] Qwen3 embedding done!
2026-07-21 16:11:46,294 [INFO] [PCA] PCA for Device ALARM running...
2026-07-21 16:11:46,709 [INFO] [PCA] PCA for Device ALARM done!
2026-07-21 16:11:46,709 [INFO] [HDBSCAN] HDBSCAN for Device ALARM running...
2026-07-21 16:11:47,157 [INFO] [HDBSCAN] Cluster Result of Device ALARM: 4 clusters, 482 noise points
2026-07-21 16:11:47,157 [INFO] [HDBSCAN] Clustering done for Device ALARM
2026-07-21 16:11:47,593 [INFO] PCA (256) Embedding & Clustering Result Saved at /home/iot-classification/platform_data/csv/local/1/embedding_sd/ipraw_ALARM_embedding_sd_pca.csv
2026-07-21 16:11:47,958 [INFO] [sd Embedding (PCA: True)] Embedding for Device CONTROLLER running...
2026-07-21 16:12:18,652 [INFO] Embedding Length: 469
2026-07-21 16:12:19,700 [INFO] [**] Qwen3 embedding done!
2026-07-21 16:12:19,700 [INFO] [PCA] PCA for Device CONTROLLER running...
2026-07-21 16:12:20,012 [INFO] [PCA] PCA for Device CONTROLLER done!
2026-07-21 16:12:20,013 [INFO] [HDBSCAN] HDBSCAN for Device CONTROLLER running...
2026-07-21 16:12:20,350 [INFO] [HDBSCAN] Cluster Result of Device CONTROLLER: 3 clusters, 348 noise points
2026-07-21 16:12:20,351 [INFO] [HDBSCAN] Clustering done for Device CONTROLLER
2026-07-21 16:12:20,640 [INFO] PCA (256) Embedding & Clustering Result Saved at /home/iot-classification/platform_data/csv/local/1/embedding_sd/ipraw_CONTROLLER_embedding_sd_pca.csv
2026-07-21 16:12:20,640 [INFO] [*] Drawing 2D cluster plot for device ALARM - perspective embedding_sd
2026-07-21 16:12:22,870 [INFO] [+] 2D cluster plot saved to: /home/iot-classification/platform_data/csv/local/1/embedding_sd/png/cluster_2d_ALARM_pca1_pca2_dbscan(pca).png
2026-07-21 16:12:22,870 [INFO] [*] Drawing 2D cluster plot for device CONTROLLER - perspective embedding_sd
2026-07-21 16:12:25,008 [INFO] [+] 2D cluster plot saved to: /home/iot-classification/platform_data/csv/local/1/embedding_sd/png/cluster_2d_CONTROLLER_pca1_pca2_dbscan(pca).png
2026-07-21 16:12:25,015 [INFO] Service analysis for sd_embedding finished at 2026-07-21 16:12:25
2026-07-21 16:12:25,015 [INFO] ['ALARM', 'CONTROLLER']
2026-07-21 16:12:25,015 [INFO] Analyzing embedding_sd distribution for device ALARM
2026-07-21 16:12:25,268 [INFO] embedding_sd distribution stats saved to: /home/iot-classification/platform_data/csv/local/1/embedding_sd/json/embedding_sd_distribution_ALARM.json
2026-07-21 16:12:25,268 [INFO]   - Unique service-distribution: 464
2026-07-21 16:12:25,268 [INFO] Drawing embedding_sd combination bar chart for ALARM...
2026-07-21 16:12:26,292 [INFO] embedding_sd combination bar chart saved to: /home/iot-classification/platform_data/csv/local/1/embedding_sd/png/embedding_sd_combination_bar_ALARM.png
2026-07-21 16:12:26,293 [INFO] Analyzing embedding_sd distribution for device CONTROLLER
2026-07-21 16:12:26,361 [INFO] embedding_sd distribution stats saved to: /home/iot-classification/platform_data/csv/local/1/embedding_sd/json/embedding_sd_distribution_CONTROLLER.json
2026-07-21 16:12:26,361 [INFO]   - Unique service-distribution: 325
2026-07-21 16:12:26,361 [INFO] Drawing embedding_sd combination bar chart for CONTROLLER...
2026-07-21 16:12:27,144 [INFO] embedding_sd combination bar chart saved to: /home/iot-classification/platform_data/csv/local/1/embedding_sd/png/embedding_sd_combination_bar_CONTROLLER.png
2026-07-21 16:12:27,144 [INFO] Embedding & Clustering for sd_embedding finished in 90.12 seconds
2026-07-21 16:12:27,145 [INFO] Service analysis for body_embedding started at 2026-07-21 16:12:27
2026-07-21 16:12:27,145 [INFO] Feature columns: ['http-bodys']
2026-07-21 16:12:27,521 [INFO] [body Embedding (PCA: True)] Embedding for Device ALARM running...
2026-07-21 16:13:44,358 [ERROR] CUDA out of memory. Tried to allocate 33.05 GiB. GPU 1 has a total capacity of 31.74 GiB of which 26.76 GiB is free. Process 3736245 has 4.98 GiB memory in use. Of the allocated memory 4.54 GiB is allocated by PyTorch, and 70.42 MiB is reserved by PyTorch but unallocated. If reserved but unallocated memory is large try setting PYTORCH_ALLOC_CONF=expandable_segments:True to avoid fragmentation.  See documentation for Memory Management  (https://pytorch.org/docs/stable/notes/cuda.html#environment-variables)
2026-07-21 16:13:45,828 [ERROR] CUDA out of memory. Tried to allocate 33.05 GiB. GPU 1 has a total capacity of 31.74 GiB of which 26.76 GiB is free. Process 3736245 has 4.98 GiB memory in use. Of the allocated memory 4.54 GiB is allocated by PyTorch, and 70.42 MiB is reserved by PyTorch but unallocated. If reserved but unallocated memory is large try setting PYTORCH_ALLOC_CONF=expandable_segments:True to avoid fragmentation.  See documentation for Memory Management  (https://pytorch.org/docs/stable/notes/cuda.html#environment-variables)
2026-07-21 16:13:47,512 [ERROR] CUDA out of memory. Tried to allocate 33.05 GiB. GPU 1 has a total capacity of 31.74 GiB of which 26.76 GiB is free. Process 3736245 has 4.98 GiB memory in use. Of the allocated memory 4.54 GiB is allocated by PyTorch, and 70.42 MiB is reserved by PyTorch but unallocated. If reserved but unallocated memory is large try setting PYTORCH_ALLOC_CONF=expandable_segments:True to avoid fragmentation.  See documentation for Memory Management  (https://pytorch.org/docs/stable/notes/cuda.html#environment-variables)
2026-07-21 16:13:47,513 [INFO] [DEBUG] Chunking Text index: 82
2026-07-21 16:13:52,918 [INFO] [DEBUG] Embedding Length: 1024
2026-07-21 16:14:00,986 [ERROR] CUDA out of memory. Tried to allocate 3.39 GiB. GPU 1 has a total capacity of 31.74 GiB of which 1.37 GiB is free. Process 3736245 has 30.37 GiB memory in use. Of the allocated memory 29.88 GiB is allocated by PyTorch, and 126.91 MiB is reserved by PyTorch but unallocated. If reserved but unallocated memory is large try setting PYTORCH_ALLOC_CONF=expandable_segments:True to avoid fragmentation.  See documentation for Memory Management  (https://pytorch.org/docs/stable/notes/cuda.html#environment-variables)
2026-07-21 16:14:02,331 [ERROR] CUDA out of memory. Tried to allocate 3.39 GiB. GPU 1 has a total capacity of 31.74 GiB of which 1.41 GiB is free. Process 3736245 has 30.33 GiB memory in use. Of the allocated memory 29.88 GiB is allocated by PyTorch, and 86.91 MiB is reserved by PyTorch but unallocated. If reserved but unallocated memory is large try setting PYTORCH_ALLOC_CONF=expandable_segments:True to avoid fragmentation.  See documentation for Memory Management  (https://pytorch.org/docs/stable/notes/cuda.html#environment-variables)
2026-07-21 16:14:03,642 [ERROR] CUDA out of memory. Tried to allocate 3.39 GiB. GPU 1 has a total capacity of 31.74 GiB of which 1.41 GiB is free. Process 3736245 has 30.33 GiB memory in use. Of the allocated memory 29.88 GiB is allocated by PyTorch, and 86.91 MiB is reserved by PyTorch but unallocated. If reserved but unallocated memory is large try setting PYTORCH_ALLOC_CONF=expandable_segments:True to avoid fragmentation.  See documentation for Memory Management  (https://pytorch.org/docs/stable/notes/cuda.html#environment-variables)
2026-07-21 16:14:03,645 [INFO] [DEBUG] Chunking Text index: 89
2026-07-21 16:14:06,711 [INFO] [DEBUG] Embedding Length: 1024
2026-07-21 16:14:25,141 [ERROR] CUDA out of memory. Tried to allocate 14.47 GiB. GPU 1 has a total capacity of 31.74 GiB of which 14.02 GiB is free. Process 3736245 has 17.71 GiB memory in use. Of the allocated memory 17.27 GiB is allocated by PyTorch, and 72.81 MiB is reserved by PyTorch but unallocated. If reserved but unallocated memory is large try setting PYTORCH_ALLOC_CONF=expandable_segments:True to avoid fragmentation.  See documentation for Memory Management  (https://pytorch.org/docs/stable/notes/cuda.html#environment-variables)
2026-07-21 16:14:26,439 [ERROR] CUDA out of memory. Tried to allocate 14.47 GiB. GPU 1 has a total capacity of 31.74 GiB of which 13.99 GiB is free. Process 3736245 has 17.75 GiB memory in use. Of the allocated memory 17.27 GiB is allocated by PyTorch, and 112.81 MiB is reserved by PyTorch but unallocated. If reserved but unallocated memory is large try setting PYTORCH_ALLOC_CONF=expandable_segments:True to avoid fragmentation.  See documentation for Memory Management  (https://pytorch.org/docs/stable/notes/cuda.html#environment-variables)
2026-07-21 16:14:27,839 [ERROR] CUDA out of memory. Tried to allocate 14.47 GiB. GPU 1 has a total capacity of 31.74 GiB of which 14.02 GiB is free. Process 3736245 has 17.71 GiB memory in use. Of the allocated memory 17.27 GiB is allocated by PyTorch, and 72.81 MiB is reserved by PyTorch but unallocated. If reserved but unallocated memory is large try setting PYTORCH_ALLOC_CONF=expandable_segments:True to avoid fragmentation.  See documentation for Memory Management  (https://pytorch.org/docs/stable/notes/cuda.html#environment-variables)
2026-07-21 16:14:27,841 [INFO] [DEBUG] Chunking Text index: 116
2026-07-21 16:14:31,170 [INFO] [DEBUG] Embedding Length: 1024
2026-07-21 16:14:45,998 [ERROR] CUDA out of memory. Tried to allocate 31.22 GiB. GPU 1 has a total capacity of 31.74 GiB of which 26.92 GiB is free. Process 3736245 has 4.82 GiB memory in use. Of the allocated memory 4.39 GiB is allocated by PyTorch, and 66.34 MiB is reserved by PyTorch but unallocated. If reserved but unallocated memory is large try setting PYTORCH_ALLOC_CONF=expandable_segments:True to avoid fragmentation.  See documentation for Memory Management  (https://pytorch.org/docs/stable/notes/cuda.html#environment-variables)
2026-07-21 16:14:47,673 [ERROR] CUDA out of memory. Tried to allocate 31.22 GiB. GPU 1 has a total capacity of 31.74 GiB of which 26.92 GiB is free. Process 3736245 has 4.82 GiB memory in use. Of the allocated memory 4.39 GiB is allocated by PyTorch, and 66.34 MiB is reserved by PyTorch but unallocated. If reserved but unallocated memory is large try setting PYTORCH_ALLOC_CONF=expandable_segments:True to avoid fragmentation.  See documentation for Memory Management  (https://pytorch.org/docs/stable/notes/cuda.html#environment-variables)
2026-07-21 16:14:49,366 [ERROR] CUDA out of memory. Tried to allocate 31.22 GiB. GPU 1 has a total capacity of 31.74 GiB of which 26.92 GiB is free. Process 3736245 has 4.82 GiB memory in use. Of the allocated memory 4.39 GiB is allocated by PyTorch, and 66.34 MiB is reserved by PyTorch but unallocated. If reserved but unallocated memory is large try setting PYTORCH_ALLOC_CONF=expandable_segments:True to avoid fragmentation.  See documentation for Memory Management  (https://pytorch.org/docs/stable/notes/cuda.html#environment-variables)
2026-07-21 16:14:49,367 [INFO] [DEBUG] Chunking Text index: 126
2026-07-21 16:14:54,179 [INFO] [DEBUG] Embedding Length: 1024
2026-07-21 16:14:58,768 [ERROR] CUDA out of memory. Tried to allocate 17.08 GiB. GPU 1 has a total capacity of 31.74 GiB of which 11.15 GiB is free. Process 3736245 has 20.58 GiB memory in use. Of the allocated memory 20.11 GiB is allocated by PyTorch, and 108.28 MiB is reserved by PyTorch but unallocated. If reserved but unallocated memory is large try setting PYTORCH_ALLOC_CONF=expandable_segments:True to avoid fragmentation.  See documentation for Memory Management  (https://pytorch.org/docs/stable/notes/cuda.html#environment-variables)
2026-07-21 16:15:00,042 [ERROR] CUDA out of memory. Tried to allocate 17.08 GiB. GPU 1 has a total capacity of 31.74 GiB of which 11.11 GiB is free. Process 3736245 has 20.62 GiB memory in use. Of the allocated memory 20.11 GiB is allocated by PyTorch, and 148.28 MiB is reserved by PyTorch but unallocated. If reserved but unallocated memory is large try setting PYTORCH_ALLOC_CONF=expandable_segments:True to avoid fragmentation.  See documentation for Memory Management  (https://pytorch.org/docs/stable/notes/cuda.html#environment-variables)
2026-07-21 16:15:01,308 [ERROR] CUDA out of memory. Tried to allocate 17.08 GiB. GPU 1 has a total capacity of 31.74 GiB of which 11.15 GiB is free. Process 3736245 has 20.58 GiB memory in use. Of the allocated memory 20.11 GiB is allocated by PyTorch, and 108.28 MiB is reserved by PyTorch but unallocated. If reserved but unallocated memory is large try setting PYTORCH_ALLOC_CONF=expandable_segments:True to avoid fragmentation.  See documentation for Memory Management  (https://pytorch.org/docs/stable/notes/cuda.html#environment-variables)
2026-07-21 16:15:01,310 [INFO] [DEBUG] Chunking Text index: 136
2026-07-21 16:15:04,856 [INFO] [DEBUG] Embedding Length: 1024
2026-07-21 16:15:51,510 [ERROR] CUDA out of memory. Tried to allocate 3.23 GiB. GPU 1 has a total capacity of 31.74 GiB of which 2.77 GiB is free. Process 3736245 has 28.96 GiB memory in use. Of the allocated memory 28.51 GiB is allocated by PyTorch, and 83.37 MiB is reserved by PyTorch but unallocated. If reserved but unallocated memory is large try setting PYTORCH_ALLOC_CONF=expandable_segments:True to avoid fragmentation.  See documentation for Memory Management  (https://pytorch.org/docs/stable/notes/cuda.html#environment-variables)
2026-07-21 16:15:52,783 [ERROR] CUDA out of memory. Tried to allocate 3.23 GiB. GPU 1 has a total capacity of 31.74 GiB of which 2.77 GiB is free. Process 3736245 has 28.96 GiB memory in use. Of the allocated memory 28.51 GiB is allocated by PyTorch, and 83.37 MiB is reserved by PyTorch but unallocated. If reserved but unallocated memory is large try setting PYTORCH_ALLOC_CONF=expandable_segments:True to avoid fragmentation.  See documentation for Memory Management  (https://pytorch.org/docs/stable/notes/cuda.html#environment-variables)
2026-07-21 16:15:54,070 [ERROR] CUDA out of memory. Tried to allocate 3.23 GiB. GPU 1 has a total capacity of 31.74 GiB of which 2.77 GiB is free. Process 3736245 has 28.96 GiB memory in use. Of the allocated memory 28.51 GiB is allocated by PyTorch, and 83.37 MiB is reserved by PyTorch but unallocated. If reserved but unallocated memory is large try setting PYTORCH_ALLOC_CONF=expandable_segments:True to avoid fragmentation.  See documentation for Memory Management  (https://pytorch.org/docs/stable/notes/cuda.html#environment-variables)
2026-07-21 16:15:54,073 [INFO] [DEBUG] Chunking Text index: 188
2026-07-21 16:15:57,133 [INFO] [DEBUG] Embedding Length: 1024
2026-07-21 16:16:03,654 [ERROR] CUDA out of memory. Tried to allocate 28.23 GiB. GPU 1 has a total capacity of 31.74 GiB of which 27.13 GiB is free. Process 3736245 has 4.61 GiB memory in use. Of the allocated memory 4.14 GiB is allocated by PyTorch, and 104.91 MiB is reserved by PyTorch but unallocated. If reserved but unallocated memory is large try setting PYTORCH_ALLOC_CONF=expandable_segments:True to avoid fragmentation.  See documentation for Memory Management  (https://pytorch.org/docs/stable/notes/cuda.html#environment-variables)
2026-07-21 16:16:05,338 [ERROR] CUDA out of memory. Tried to allocate 28.23 GiB. GPU 1 has a total capacity of 31.74 GiB of which 27.15 GiB is free. Process 3736245 has 4.59 GiB memory in use. Of the allocated memory 4.14 GiB is allocated by PyTorch, and 84.91 MiB is reserved by PyTorch but unallocated. If reserved but unallocated memory is large try setting PYTORCH_ALLOC_CONF=expandable_segments:True to avoid fragmentation.  See documentation for Memory Management  (https://pytorch.org/docs/stable/notes/cuda.html#environment-variables)
2026-07-21 16:16:07,047 [ERROR] CUDA out of memory. Tried to allocate 28.23 GiB. GPU 1 has a total capacity of 31.74 GiB of which 27.13 GiB is free. Process 3736245 has 4.61 GiB memory in use. Of the allocated memory 4.14 GiB is allocated by PyTorch, and 104.91 MiB is reserved by PyTorch but unallocated. If reserved but unallocated memory is large try setting PYTORCH_ALLOC_CONF=expandable_segments:True to avoid fragmentation.  See documentation for Memory Management  (https://pytorch.org/docs/stable/notes/cuda.html#environment-variables)
2026-07-21 16:16:07,048 [INFO] [DEBUG] Chunking Text index: 199
2026-07-21 16:16:11,634 [INFO] [DEBUG] Embedding Length: 1024
2026-07-21 16:16:15,568 [ERROR] CUDA out of memory. Tried to allocate 17.73 GiB. GPU 1 has a total capacity of 31.74 GiB of which 10.45 GiB is free. Process 3736245 has 21.29 GiB memory in use. Of the allocated memory 20.82 GiB is allocated by PyTorch, and 107.27 MiB is reserved by PyTorch but unallocated. If reserved but unallocated memory is large try setting PYTORCH_ALLOC_CONF=expandable_segments:True to avoid fragmentation.  See documentation for Memory Management  (https://pytorch.org/docs/stable/notes/cuda.html#environment-variables)
2026-07-21 16:16:16,875 [ERROR] CUDA out of memory. Tried to allocate 17.73 GiB. GPU 1 has a total capacity of 31.74 GiB of which 10.41 GiB is free. Process 3736245 has 21.32 GiB memory in use. Of the allocated memory 20.82 GiB is allocated by PyTorch, and 147.27 MiB is reserved by PyTorch but unallocated. If reserved but unallocated memory is large try setting PYTORCH_ALLOC_CONF=expandable_segments:True to avoid fragmentation.  See documentation for Memory Management  (https://pytorch.org/docs/stable/notes/cuda.html#environment-variables)
2026-07-21 16:16:18,156 [ERROR] CUDA out of memory. Tried to allocate 17.73 GiB. GPU 1 has a total capacity of 31.74 GiB of which 10.45 GiB is free. Process 3736245 has 21.29 GiB memory in use. Of the allocated memory 20.82 GiB is allocated by PyTorch, and 107.27 MiB is reserved by PyTorch but unallocated. If reserved but unallocated memory is large try setting PYTORCH_ALLOC_CONF=expandable_segments:True to avoid fragmentation.  See documentation for Memory Management  (https://pytorch.org/docs/stable/notes/cuda.html#environment-variables)
2026-07-21 16:16:18,158 [INFO] [DEBUG] Chunking Text index: 206
2026-07-21 16:16:21,762 [INFO] [DEBUG] Embedding Length: 1024
2026-07-21 16:17:56,025 [ERROR] CUDA out of memory. Tried to allocate 30.50 GiB. GPU 1 has a total capacity of 31.74 GiB of which 26.95 GiB is free. Process 3736245 has 4.78 GiB memory in use. Of the allocated memory 4.33 GiB is allocated by PyTorch, and 88.94 MiB is reserved by PyTorch but unallocated. If reserved but unallocated memory is large try setting PYTORCH_ALLOC_CONF=expandable_segments:True to avoid fragmentation.  See documentation for Memory Management  (https://pytorch.org/docs/stable/notes/cuda.html#environment-variables)
2026-07-21 16:17:57,662 [ERROR] CUDA out of memory. Tried to allocate 30.50 GiB. GPU 1 has a total capacity of 31.74 GiB of which 26.93 GiB is free. Process 3736245 has 4.80 GiB memory in use. Of the allocated memory 4.33 GiB is allocated by PyTorch, and 108.94 MiB is reserved by PyTorch but unallocated. If reserved but unallocated memory is large try setting PYTORCH_ALLOC_CONF=expandable_segments:True to avoid fragmentation.  See documentation for Memory Management  (https://pytorch.org/docs/stable/notes/cuda.html#environment-variables)
2026-07-21 16:17:59,374 [ERROR] CUDA out of memory. Tried to allocate 30.50 GiB. GPU 1 has a total capacity of 31.74 GiB of which 26.92 GiB is free. Process 3736245 has 4.82 GiB memory in use. Of the allocated memory 4.33 GiB is allocated by PyTorch, and 128.94 MiB is reserved by PyTorch but unallocated. If reserved but unallocated memory is large try setting PYTORCH_ALLOC_CONF=expandable_segments:True to avoid fragmentation.  See documentation for Memory Management  (https://pytorch.org/docs/stable/notes/cuda.html#environment-variables)
2026-07-21 16:17:59,375 [INFO] [DEBUG] Chunking Text index: 285
2026-07-21 16:18:04,159 [INFO] [DEBUG] Embedding Length: 1024
2026-07-21 16:20:01,318 [ERROR] CUDA out of memory. Tried to allocate 30.68 GiB. GPU 1 has a total capacity of 31.74 GiB of which 26.93 GiB is free. Process 3736245 has 4.80 GiB memory in use. Of the allocated memory 4.34 GiB is allocated by PyTorch, and 93.40 MiB is reserved by PyTorch but unallocated. If reserved but unallocated memory is large try setting PYTORCH_ALLOC_CONF=expandable_segments:True to avoid fragmentation.  See documentation for Memory Management  (https://pytorch.org/docs/stable/notes/cuda.html#environment-variables)
2026-07-21 16:20:02,943 [ERROR] CUDA out of memory. Tried to allocate 30.68 GiB. GPU 1 has a total capacity of 31.74 GiB of which 26.93 GiB is free. Process 3736245 has 4.80 GiB memory in use. Of the allocated memory 4.34 GiB is allocated by PyTorch, and 93.40 MiB is reserved by PyTorch but unallocated. If reserved but unallocated memory is large try setting PYTORCH_ALLOC_CONF=expandable_segments:True to avoid fragmentation.  See documentation for Memory Management  (https://pytorch.org/docs/stable/notes/cuda.html#environment-variables)
2026-07-21 16:20:04,653 [ERROR] CUDA out of memory. Tried to allocate 30.68 GiB. GPU 1 has a total capacity of 31.74 GiB of which 26.93 GiB is free. Process 3736245 has 4.80 GiB memory in use. Of the allocated memory 4.34 GiB is allocated by PyTorch, and 93.40 MiB is reserved by PyTorch but unallocated. If reserved but unallocated memory is large try setting PYTORCH_ALLOC_CONF=expandable_segments:True to avoid fragmentation.  See documentation for Memory Management  (https://pytorch.org/docs/stable/notes/cuda.html#environment-variables)
2026-07-21 16:20:04,655 [INFO] [DEBUG] Chunking Text index: 395
2026-07-21 16:20:09,482 [INFO] [DEBUG] Embedding Length: 1024
2026-07-21 16:20:19,167 [ERROR] CUDA out of memory. Tried to allocate 17.05 GiB. GPU 1 has a total capacity of 31.74 GiB of which 11.19 GiB is free. Process 3736245 has 20.54 GiB memory in use. Of the allocated memory 20.08 GiB is allocated by PyTorch, and 97.48 MiB is reserved by PyTorch but unallocated. If reserved but unallocated memory is large try setting PYTORCH_ALLOC_CONF=expandable_segments:True to avoid fragmentation.  See documentation for Memory Management  (https://pytorch.org/docs/stable/notes/cuda.html#environment-variables)
2026-07-21 16:20:20,464 [ERROR] CUDA out of memory. Tried to allocate 17.05 GiB. GPU 1 has a total capacity of 31.74 GiB of which 11.17 GiB is free. Process 3736245 has 20.56 GiB memory in use. Of the allocated memory 20.08 GiB is allocated by PyTorch, and 117.48 MiB is reserved by PyTorch but unallocated. If reserved but unallocated memory is large try setting PYTORCH_ALLOC_CONF=expandable_segments:True to avoid fragmentation.  See documentation for Memory Management  (https://pytorch.org/docs/stable/notes/cuda.html#environment-variables)
2026-07-21 16:20:21,743 [ERROR] CUDA out of memory. Tried to allocate 17.05 GiB. GPU 1 has a total capacity of 31.74 GiB of which 11.19 GiB is free. Process 3736245 has 20.54 GiB memory in use. Of the allocated memory 20.08 GiB is allocated by PyTorch, and 97.48 MiB is reserved by PyTorch but unallocated. If reserved but unallocated memory is large try setting PYTORCH_ALLOC_CONF=expandable_segments:True to avoid fragmentation.  See documentation for Memory Management  (https://pytorch.org/docs/stable/notes/cuda.html#environment-variables)
2026-07-21 16:20:21,745 [INFO] [DEBUG] Chunking Text index: 408
2026-07-21 16:20:24,943 [INFO] [DEBUG] Embedding Length: 1024
2026-07-21 16:21:02,562 [ERROR] CUDA out of memory. Tried to allocate 22.54 GiB. GPU 1 has a total capacity of 31.74 GiB of which 5.22 GiB is free. Process 3736245 has 26.52 GiB memory in use. Of the allocated memory 26.04 GiB is allocated by PyTorch, and 119.87 MiB is reserved by PyTorch but unallocated. If reserved but unallocated memory is large try setting PYTORCH_ALLOC_CONF=expandable_segments:True to avoid fragmentation.  See documentation for Memory Management  (https://pytorch.org/docs/stable/notes/cuda.html#environment-variables)
2026-07-21 16:21:04,019 [ERROR] CUDA out of memory. Tried to allocate 22.54 GiB. GPU 1 has a total capacity of 31.74 GiB of which 5.22 GiB is free. Process 3736245 has 26.52 GiB memory in use. Of the allocated memory 26.04 GiB is allocated by PyTorch, and 119.87 MiB is reserved by PyTorch but unallocated. If reserved but unallocated memory is large try setting PYTORCH_ALLOC_CONF=expandable_segments:True to avoid fragmentation.  See documentation for Memory Management  (https://pytorch.org/docs/stable/notes/cuda.html#environment-variables)
2026-07-21 16:21:05,417 [ERROR] CUDA out of memory. Tried to allocate 22.54 GiB. GPU 1 has a total capacity of 31.74 GiB of which 5.22 GiB is free. Process 3736245 has 26.52 GiB memory in use. Of the allocated memory 26.04 GiB is allocated by PyTorch, and 119.87 MiB is reserved by PyTorch but unallocated. If reserved but unallocated memory is large try setting PYTORCH_ALLOC_CONF=expandable_segments:True to avoid fragmentation.  See documentation for Memory Management  (https://pytorch.org/docs/stable/notes/cuda.html#environment-variables)
2026-07-21 16:21:05,420 [INFO] [DEBUG] Chunking Text index: 457
2026-07-21 16:21:09,634 [INFO] [DEBUG] Embedding Length: 1024
2026-07-21 16:21:51,864 [ERROR] CUDA out of memory. Tried to allocate 22.40 GiB. GPU 1 has a total capacity of 31.74 GiB of which 5.37 GiB is free. Process 3736245 has 26.36 GiB memory in use. Of the allocated memory 25.89 GiB is allocated by PyTorch, and 111.47 MiB is reserved by PyTorch but unallocated. If reserved but unallocated memory is large try setting PYTORCH_ALLOC_CONF=expandable_segments:True to avoid fragmentation.  See documentation for Memory Management  (https://pytorch.org/docs/stable/notes/cuda.html#environment-variables)
2026-07-21 16:21:53,274 [ERROR] CUDA out of memory. Tried to allocate 22.40 GiB. GPU 1 has a total capacity of 31.74 GiB of which 5.37 GiB is free. Process 3736245 has 26.36 GiB memory in use. Of the allocated memory 25.89 GiB is allocated by PyTorch, and 111.47 MiB is reserved by PyTorch but unallocated. If reserved but unallocated memory is large try setting PYTORCH_ALLOC_CONF=expandable_segments:True to avoid fragmentation.  See documentation for Memory Management  (https://pytorch.org/docs/stable/notes/cuda.html#environment-variables)
2026-07-21 16:21:54,715 [ERROR] CUDA out of memory. Tried to allocate 22.40 GiB. GPU 1 has a total capacity of 31.74 GiB of which 5.37 GiB is free. Process 3736245 has 26.36 GiB memory in use. Of the allocated memory 25.89 GiB is allocated by PyTorch, and 111.47 MiB is reserved by PyTorch but unallocated. If reserved but unallocated memory is large try setting PYTORCH_ALLOC_CONF=expandable_segments:True to avoid fragmentation.  See documentation for Memory Management  (https://pytorch.org/docs/stable/notes/cuda.html#environment-variables)
2026-07-21 16:21:54,718 [INFO] [DEBUG] Chunking Text index: 526
2026-07-21 16:21:58,837 [INFO] [DEBUG] Embedding Length: 1024
2026-07-21 16:22:15,653 [ERROR] CUDA out of memory. Tried to allocate 18.43 GiB. GPU 1 has a total capacity of 31.74 GiB of which 9.67 GiB is free. Process 3736245 has 22.07 GiB memory in use. Of the allocated memory 21.58 GiB is allocated by PyTorch, and 124.20 MiB is reserved by PyTorch but unallocated. If reserved but unallocated memory is large try setting PYTORCH_ALLOC_CONF=expandable_segments:True to avoid fragmentation.  See documentation for Memory Management  (https://pytorch.org/docs/stable/notes/cuda.html#environment-variables)
2026-07-21 16:22:16,982 [ERROR] CUDA out of memory. Tried to allocate 18.43 GiB. GPU 1 has a total capacity of 31.74 GiB of which 9.67 GiB is free. Process 3736245 has 22.07 GiB memory in use. Of the allocated memory 21.58 GiB is allocated by PyTorch, and 124.20 MiB is reserved by PyTorch but unallocated. If reserved but unallocated memory is large try setting PYTORCH_ALLOC_CONF=expandable_segments:True to avoid fragmentation.  See documentation for Memory Management  (https://pytorch.org/docs/stable/notes/cuda.html#environment-variables)
2026-07-21 16:22:18,274 [ERROR] CUDA out of memory. Tried to allocate 18.43 GiB. GPU 1 has a total capacity of 31.74 GiB of which 9.67 GiB is free. Process 3736245 has 22.07 GiB memory in use. Of the allocated memory 21.58 GiB is allocated by PyTorch, and 124.20 MiB is reserved by PyTorch but unallocated. If reserved but unallocated memory is large try setting PYTORCH_ALLOC_CONF=expandable_segments:True to avoid fragmentation.  See documentation for Memory Management  (https://pytorch.org/docs/stable/notes/cuda.html#environment-variables)
2026-07-21 16:22:18,276 [INFO] [DEBUG] Chunking Text index: 554
2026-07-21 16:22:21,937 [INFO] [DEBUG] Embedding Length: 1024
2026-07-21 16:22:35,752 [ERROR] CUDA out of memory. Tried to allocate 14.58 GiB. GPU 1 has a total capacity of 31.74 GiB of which 13.91 GiB is free. Process 3736245 has 17.83 GiB memory in use. Of the allocated memory 17.39 GiB is allocated by PyTorch, and 76.55 MiB is reserved by PyTorch but unallocated. If reserved but unallocated memory is large try setting PYTORCH_ALLOC_CONF=expandable_segments:True to avoid fragmentation.  See documentation for Memory Management  (https://pytorch.org/docs/stable/notes/cuda.html#environment-variables)
2026-07-21 16:22:37,014 [ERROR] CUDA out of memory. Tried to allocate 14.58 GiB. GPU 1 has a total capacity of 31.74 GiB of which 13.87 GiB is free. Process 3736245 has 17.87 GiB memory in use. Of the allocated memory 17.39 GiB is allocated by PyTorch, and 116.55 MiB is reserved by PyTorch but unallocated. If reserved but unallocated memory is large try setting PYTORCH_ALLOC_CONF=expandable_segments:True to avoid fragmentation.  See documentation for Memory Management  (https://pytorch.org/docs/stable/notes/cuda.html#environment-variables)
2026-07-21 16:22:38,348 [ERROR] CUDA out of memory. Tried to allocate 14.58 GiB. GPU 1 has a total capacity of 31.74 GiB of which 13.91 GiB is free. Process 3736245 has 17.83 GiB memory in use. Of the allocated memory 17.39 GiB is allocated by PyTorch, and 76.55 MiB is reserved by PyTorch but unallocated. If reserved but unallocated memory is large try setting PYTORCH_ALLOC_CONF=expandable_segments:True to avoid fragmentation.  See documentation for Memory Management  (https://pytorch.org/docs/stable/notes/cuda.html#environment-variables)
2026-07-21 16:22:38,350 [INFO] [DEBUG] Chunking Text index: 577
2026-07-21 16:22:41,621 [INFO] [DEBUG] Embedding Length: 1024
2026-07-21 16:22:42,987 [ERROR] CUDA out of memory. Tried to allocate 24.02 GiB. GPU 1 has a total capacity of 31.74 GiB of which 3.61 GiB is free. Process 3736245 has 28.12 GiB memory in use. Of the allocated memory 27.64 GiB is allocated by PyTorch, and 118.26 MiB is reserved by PyTorch but unallocated. If reserved but unallocated memory is large try setting PYTORCH_ALLOC_CONF=expandable_segments:True to avoid fragmentation.  See documentation for Memory Management  (https://pytorch.org/docs/stable/notes/cuda.html#environment-variables)
2026-07-21 16:22:44,546 [ERROR] CUDA out of memory. Tried to allocate 24.02 GiB. GPU 1 has a total capacity of 31.74 GiB of which 3.59 GiB is free. Process 3736245 has 28.14 GiB memory in use. Of the allocated memory 27.64 GiB is allocated by PyTorch, and 138.26 MiB is reserved by PyTorch but unallocated. If reserved but unallocated memory is large try setting PYTORCH_ALLOC_CONF=expandable_segments:True to avoid fragmentation.  See documentation for Memory Management  (https://pytorch.org/docs/stable/notes/cuda.html#environment-variables)
2026-07-21 16:22:46,075 [ERROR] CUDA out of memory. Tried to allocate 24.02 GiB. GPU 1 has a total capacity of 31.74 GiB of which 3.59 GiB is free. Process 3736245 has 28.14 GiB memory in use. Of the allocated memory 27.64 GiB is allocated by PyTorch, and 138.26 MiB is reserved by PyTorch but unallocated. If reserved but unallocated memory is large try setting PYTORCH_ALLOC_CONF=expandable_segments:True to avoid fragmentation.  See documentation for Memory Management  (https://pytorch.org/docs/stable/notes/cuda.html#environment-variables)
2026-07-21 16:22:46,077 [INFO] [DEBUG] Chunking Text index: 579
2026-07-21 16:22:50,294 [INFO] [DEBUG] Embedding Length: 1024
2026-07-21 16:22:56,165 [ERROR] CUDA out of memory. Tried to allocate 20.12 GiB. GPU 1 has a total capacity of 31.74 GiB of which 7.87 GiB is free. Process 3736245 has 23.86 GiB memory in use. Of the allocated memory 23.41 GiB is allocated by PyTorch, and 88.80 MiB is reserved by PyTorch but unallocated. If reserved but unallocated memory is large try setting PYTORCH_ALLOC_CONF=expandable_segments:True to avoid fragmentation.  See documentation for Memory Management  (https://pytorch.org/docs/stable/notes/cuda.html#environment-variables)
2026-07-21 16:22:57,627 [ERROR] CUDA out of memory. Tried to allocate 20.12 GiB. GPU 1 has a total capacity of 31.74 GiB of which 7.89 GiB is free. Process 3736245 has 23.84 GiB memory in use. Of the allocated memory 23.41 GiB is allocated by PyTorch, and 68.80 MiB is reserved by PyTorch but unallocated. If reserved but unallocated memory is large try setting PYTORCH_ALLOC_CONF=expandable_segments:True to avoid fragmentation.  See documentation for Memory Management  (https://pytorch.org/docs/stable/notes/cuda.html#environment-variables)
2026-07-21 16:22:59,034 [ERROR] CUDA out of memory. Tried to allocate 20.12 GiB. GPU 1 has a total capacity of 31.74 GiB of which 7.89 GiB is free. Process 3736245 has 23.84 GiB memory in use. Of the allocated memory 23.41 GiB is allocated by PyTorch, and 68.80 MiB is reserved by PyTorch but unallocated. If reserved but unallocated memory is large try setting PYTORCH_ALLOC_CONF=expandable_segments:True to avoid fragmentation.  See documentation for Memory Management  (https://pytorch.org/docs/stable/notes/cuda.html#environment-variables)
2026-07-21 16:22:59,037 [INFO] [DEBUG] Chunking Text index: 588
2026-07-21 16:23:02,726 [INFO] [DEBUG] Embedding Length: 1024
2026-07-21 16:23:22,351 [ERROR] CUDA out of memory. Tried to allocate 29.93 GiB. GPU 1 has a total capacity of 31.74 GiB of which 26.97 GiB is free. Process 3736245 has 4.76 GiB memory in use. Of the allocated memory 4.28 GiB is allocated by PyTorch, and 117.42 MiB is reserved by PyTorch but unallocated. If reserved but unallocated memory is large try setting PYTORCH_ALLOC_CONF=expandable_segments:True to avoid fragmentation.  See documentation for Memory Management  (https://pytorch.org/docs/stable/notes/cuda.html#environment-variables)
2026-07-21 16:23:23,974 [ERROR] CUDA out of memory. Tried to allocate 29.93 GiB. GPU 1 has a total capacity of 31.74 GiB of which 26.97 GiB is free. Process 3736245 has 4.76 GiB memory in use. Of the allocated memory 4.28 GiB is allocated by PyTorch, and 117.42 MiB is reserved by PyTorch but unallocated. If reserved but unallocated memory is large try setting PYTORCH_ALLOC_CONF=expandable_segments:True to avoid fragmentation.  See documentation for Memory Management  (https://pytorch.org/docs/stable/notes/cuda.html#environment-variables)
2026-07-21 16:23:25,725 [ERROR] CUDA out of memory. Tried to allocate 29.93 GiB. GPU 1 has a total capacity of 31.74 GiB of which 26.97 GiB is free. Process 3736245 has 4.76 GiB memory in use. Of the allocated memory 4.28 GiB is allocated by PyTorch, and 117.42 MiB is reserved by PyTorch but unallocated. If reserved but unallocated memory is large try setting PYTORCH_ALLOC_CONF=expandable_segments:True to avoid fragmentation.  See documentation for Memory Management  (https://pytorch.org/docs/stable/notes/cuda.html#environment-variables)
2026-07-21 16:23:25,727 [INFO] [DEBUG] Chunking Text index: 610
2026-07-21 16:23:30,438 [INFO] [DEBUG] Embedding Length: 1024
2026-07-21 16:24:55,725 [INFO] Embedding Length: 709
2026-07-21 16:24:57,355 [INFO] [**] Qwen3 embedding done!
2026-07-21 16:24:57,356 [INFO] [PCA] PCA for Device ALARM running...
2026-07-21 16:24:57,785 [INFO] [PCA] PCA for Device ALARM done!
2026-07-21 16:24:57,785 [INFO] [HDBSCAN] HDBSCAN for Device ALARM running...
2026-07-21 16:24:58,245 [INFO] [HDBSCAN] Cluster Result of Device ALARM: 5 clusters, 516 noise points
2026-07-21 16:24:58,245 [INFO] [HDBSCAN] Clustering done for Device ALARM
2026-07-21 16:24:58,690 [INFO] PCA (256) Embedding & Clustering Result Saved at /home/iot-classification/platform_data/csv/local/1/embedding_body/ipraw_ALARM_embedding_body_pca.csv
2026-07-21 16:24:59,474 [INFO] [body Embedding (PCA: True)] Embedding for Device CONTROLLER running...
2026-07-21 16:25:23,154 [ERROR] CUDA out of memory. Tried to allocate 20.24 GiB. GPU 1 has a total capacity of 31.74 GiB of which 7.74 GiB is free. Process 3736245 has 24.00 GiB memory in use. Of the allocated memory 23.55 GiB is allocated by PyTorch, and 87.41 MiB is reserved by PyTorch but unallocated. If reserved but unallocated memory is large try setting PYTORCH_ALLOC_CONF=expandable_segments:True to avoid fragmentation.  See documentation for Memory Management  (https://pytorch.org/docs/stable/notes/cuda.html#environment-variables)
2026-07-21 16:25:24,440 [ERROR] CUDA out of memory. Tried to allocate 20.24 GiB. GPU 1 has a total capacity of 31.74 GiB of which 7.72 GiB is free. Process 3736245 has 24.02 GiB memory in use. Of the allocated memory 23.55 GiB is allocated by PyTorch, and 107.41 MiB is reserved by PyTorch but unallocated. If reserved but unallocated memory is large try setting PYTORCH_ALLOC_CONF=expandable_segments:True to avoid fragmentation.  See documentation for Memory Management  (https://pytorch.org/docs/stable/notes/cuda.html#environment-variables)
2026-07-21 16:25:25,740 [ERROR] CUDA out of memory. Tried to allocate 20.24 GiB. GPU 1 has a total capacity of 31.74 GiB of which 7.72 GiB is free. Process 3736245 has 24.02 GiB memory in use. Of the allocated memory 23.55 GiB is allocated by PyTorch, and 107.41 MiB is reserved by PyTorch but unallocated. If reserved but unallocated memory is large try setting PYTORCH_ALLOC_CONF=expandable_segments:True to avoid fragmentation.  See documentation for Memory Management  (https://pytorch.org/docs/stable/notes/cuda.html#environment-variables)
2026-07-21 16:25:25,742 [INFO] [DEBUG] Chunking Text index: 101
2026-07-21 16:25:29,413 [INFO] [DEBUG] Embedding Length: 1024
2026-07-21 16:25:46,376 [ERROR] CUDA out of memory. Tried to allocate 24.95 GiB. GPU 1 has a total capacity of 31.74 GiB of which 2.60 GiB is free. Process 3736245 has 29.14 GiB memory in use. Of the allocated memory 28.65 GiB is allocated by PyTorch, and 123.87 MiB is reserved by PyTorch but unallocated. If reserved but unallocated memory is large try setting PYTORCH_ALLOC_CONF=expandable_segments:True to avoid fragmentation.  See documentation for Memory Management  (https://pytorch.org/docs/stable/notes/cuda.html#environment-variables)
2026-07-21 16:25:47,975 [ERROR] CUDA out of memory. Tried to allocate 24.95 GiB. GPU 1 has a total capacity of 31.74 GiB of which 2.60 GiB is free. Process 3736245 has 29.14 GiB memory in use. Of the allocated memory 28.65 GiB is allocated by PyTorch, and 123.87 MiB is reserved by PyTorch but unallocated. If reserved but unallocated memory is large try setting PYTORCH_ALLOC_CONF=expandable_segments:True to avoid fragmentation.  See documentation for Memory Management  (https://pytorch.org/docs/stable/notes/cuda.html#environment-variables)
2026-07-21 16:25:49,583 [ERROR] CUDA out of memory. Tried to allocate 24.95 GiB. GPU 1 has a total capacity of 31.74 GiB of which 2.60 GiB is free. Process 3736245 has 29.14 GiB memory in use. Of the allocated memory 28.65 GiB is allocated by PyTorch, and 123.87 MiB is reserved by PyTorch but unallocated. If reserved but unallocated memory is large try setting PYTORCH_ALLOC_CONF=expandable_segments:True to avoid fragmentation.  See documentation for Memory Management  (https://pytorch.org/docs/stable/notes/cuda.html#environment-variables)
2026-07-21 16:25:49,586 [INFO] [DEBUG] Chunking Text index: 155
2026-07-21 16:25:53,663 [INFO] [DEBUG] Embedding Length: 1024
2026-07-21 16:27:10,418 [INFO] Embedding Length: 469
2026-07-21 16:27:11,488 [INFO] [**] Qwen3 embedding done!
2026-07-21 16:27:11,489 [INFO] [PCA] PCA for Device CONTROLLER running...
2026-07-21 16:27:11,891 [INFO] [PCA] PCA for Device CONTROLLER done!
2026-07-21 16:27:11,892 [INFO] [HDBSCAN] HDBSCAN for Device CONTROLLER running...
2026-07-21 16:27:12,185 [INFO] [HDBSCAN] Cluster Result of Device CONTROLLER: 4 clusters, 207 noise points
2026-07-21 16:27:12,185 [INFO] [HDBSCAN] Clustering done for Device CONTROLLER
2026-07-21 16:27:12,484 [INFO] PCA (256) Embedding & Clustering Result Saved at /home/iot-classification/platform_data/csv/local/1/embedding_body/ipraw_CONTROLLER_embedding_body_pca.csv
2026-07-21 16:27:12,484 [INFO] [*] Drawing 2D cluster plot for device ALARM - perspective embedding_body
2026-07-21 16:27:14,767 [INFO] [+] 2D cluster plot saved to: /home/iot-classification/platform_data/csv/local/1/embedding_body/png/cluster_2d_ALARM_pca1_pca2_dbscan(pca).png
2026-07-21 16:27:14,767 [INFO] [*] Drawing 2D cluster plot for device CONTROLLER - perspective embedding_body
2026-07-21 16:27:16,910 [INFO] [+] 2D cluster plot saved to: /home/iot-classification/platform_data/csv/local/1/embedding_body/png/cluster_2d_CONTROLLER_pca1_pca2_dbscan(pca).png
2026-07-21 16:27:16,920 [INFO] Service analysis for body_embedding finished at 2026-07-21 16:27:16
2026-07-21 16:27:16,920 [INFO] ['ALARM', 'CONTROLLER']
2026-07-21 16:27:16,920 [INFO] Analyzing embedding_body distribution for device ALARM
2026-07-21 16:27:17,236 [INFO] embedding_body distribution stats saved to: /home/iot-classification/platform_data/csv/local/1/embedding_body/json/embedding_body_distribution_ALARM.json
2026-07-21 16:27:17,236 [INFO]   - Unique http-bodys: 496
2026-07-21 16:27:17,236 [INFO] Drawing embedding_body combination bar chart for ALARM...
Traceback (most recent call last):
  File "/home/iot-classification/graph/cluster.py", line 1748, in <module>
    gc_ins.perspective_clustering(target=f"{perspective_name}_embedding")
  File "/home/iot-classification/graph/cluster.py", line 1710, in perspective_clustering
    self.dev_distribution(cols=feature_cols, perspective_name=perspective_name)
  File "/home/iot-classification/graph/cluster.py", line 1361, in dev_distribution
    plt.savefig(bar_chart_path, dpi=150, bbox_inches='tight')
  File "/root/anaconda3/envs/probeacc/lib/python3.10/site-packages/matplotlib/pyplot.py", line 1250, in savefig
    res = fig.savefig(*args, **kwargs)  # type: ignore[func-returns-value]
  File "/root/anaconda3/envs/probeacc/lib/python3.10/site-packages/matplotlib/figure.py", line 3490, in savefig
    self.canvas.print_figure(fname, **kwargs)
  File "/root/anaconda3/envs/probeacc/lib/python3.10/site-packages/matplotlib/backend_bases.py", line 2186, in print_figure
    result = print_method(
  File "/root/anaconda3/envs/probeacc/lib/python3.10/site-packages/matplotlib/backend_bases.py", line 2042, in <lambda>
    print_method = functools.wraps(meth)(lambda *args, **kwargs: meth(
  File "/root/anaconda3/envs/probeacc/lib/python3.10/site-packages/matplotlib/backends/backend_agg.py", line 481, in print_png
    self._print_pil(filename_or_obj, "png", pil_kwargs, metadata)
  File "/root/anaconda3/envs/probeacc/lib/python3.10/site-packages/matplotlib/backends/backend_agg.py", line 429, in _print_pil
    FigureCanvasAgg.draw(self)
  File "/root/anaconda3/envs/probeacc/lib/python3.10/site-packages/matplotlib/backends/backend_agg.py", line 382, in draw
    self.figure.draw(self.renderer)
  File "/root/anaconda3/envs/probeacc/lib/python3.10/site-packages/matplotlib/artist.py", line 94, in draw_wrapper
    result = draw(artist, renderer, *args, **kwargs)
  File "/root/anaconda3/envs/probeacc/lib/python3.10/site-packages/matplotlib/artist.py", line 71, in draw_wrapper
    return draw(artist, renderer)
  File "/root/anaconda3/envs/probeacc/lib/python3.10/site-packages/matplotlib/figure.py", line 3257, in draw
    mimage._draw_list_compositing_images(
  File "/root/anaconda3/envs/probeacc/lib/python3.10/site-packages/matplotlib/image.py", line 134, in _draw_list_compositing_images
    a.draw(renderer)
  File "/root/anaconda3/envs/probeacc/lib/python3.10/site-packages/matplotlib/artist.py", line 71, in draw_wrapper
    return draw(artist, renderer)
  File "/root/anaconda3/envs/probeacc/lib/python3.10/site-packages/matplotlib/axes/_base.py", line 3226, in draw
    mimage._draw_list_compositing_images(
  File "/root/anaconda3/envs/probeacc/lib/python3.10/site-packages/matplotlib/image.py", line 134, in _draw_list_compositing_images
    a.draw(renderer)
  File "/root/anaconda3/envs/probeacc/lib/python3.10/site-packages/matplotlib/artist.py", line 71, in draw_wrapper
    return draw(artist, renderer)
  File "/root/anaconda3/envs/probeacc/lib/python3.10/site-packages/matplotlib/axis.py", line 1408, in draw
    tick.draw(renderer)
  File "/root/anaconda3/envs/probeacc/lib/python3.10/site-packages/matplotlib/artist.py", line 71, in draw_wrapper
    return draw(artist, renderer)
  File "/root/anaconda3/envs/probeacc/lib/python3.10/site-packages/matplotlib/axis.py", line 276, in draw
    artist.draw(renderer)
  File "/root/anaconda3/envs/probeacc/lib/python3.10/site-packages/matplotlib/artist.py", line 71, in draw_wrapper
    return draw(artist, renderer)
  File "/root/anaconda3/envs/probeacc/lib/python3.10/site-packages/matplotlib/text.py", line 808, in draw
    textrenderer.draw_text(gc, x, y, clean_line,
  File "/root/anaconda3/envs/probeacc/lib/python3.10/site-packages/matplotlib/backends/backend_agg.py", line 193, in draw_text
    font.draw_glyphs_to_bitmap(
RuntimeError: Could not convert glyph to bitmap (raster overflow; error code 0x62)
2026-07-21 16:29:00,787 [INFO] Load pretrained SentenceTransformer: /home/iot-classification/qwen3_embedding_06b
Loading weights:   0%|          | 0/310 [00:00<?, ?it/s]Loading weights:  82%|████████▏ | 253/310 [00:00<00:00, 2516.01it/s]Loading weights: 100%|██████████| 310/310 [00:00<00:00, 2552.84it/s]
2026-07-21 16:29:03,254 [INFO] 1 prompt is loaded, with the key: query
2026-07-21 16:29:03,547 [INFO] Service analysis for as_embedding started at 2026-07-21 16:29:03
2026-07-21 16:29:03,547 [INFO] Feature columns: ['as-info']
2026-07-21 16:29:03,859 [INFO] [as Embedding (PCA: True)] Embedding for Device ALARM has been done!
2026-07-21 16:29:04,137 [INFO] [as Embedding (PCA: True)] Embedding for Device CONTROLLER has been done!
2026-07-21 16:29:04,137 [INFO] All devices have been embedded for perspective as
2026-07-21 16:29:04,137 [INFO] Service analysis for as_embedding finished at 2026-07-21 16:29:04
2026-07-21 16:29:04,137 [INFO] Embedding & Clustering for as_embedding finished in 0.59 seconds
2026-07-21 16:29:04,138 [INFO] Service analysis for whois_embedding started at 2026-07-21 16:29:04
2026-07-21 16:29:04,138 [INFO] Feature columns: ['whois-info']
2026-07-21 16:29:04,439 [INFO] [whois Embedding (PCA: True)] Embedding for Device ALARM has been done!
2026-07-21 16:29:04,724 [INFO] [whois Embedding (PCA: True)] Embedding for Device CONTROLLER has been done!
2026-07-21 16:29:04,724 [INFO] All devices have been embedded for perspective whois
2026-07-21 16:29:04,724 [INFO] Service analysis for whois_embedding finished at 2026-07-21 16:29:04
2026-07-21 16:29:04,725 [INFO] Embedding & Clustering for whois_embedding finished in 0.59 seconds
2026-07-21 16:29:04,725 [INFO] Service analysis for os_embedding started at 2026-07-21 16:29:04
2026-07-21 16:29:04,725 [INFO] Feature columns: ['os-info']
2026-07-21 16:29:05,009 [INFO] [os Embedding (PCA: True)] Embedding for Device ALARM has been done!
2026-07-21 16:29:05,320 [INFO] [os Embedding (PCA: True)] Embedding for Device CONTROLLER has been done!
2026-07-21 16:29:05,321 [INFO] All devices have been embedded for perspective os
2026-07-21 16:29:05,321 [INFO] Service analysis for os_embedding finished at 2026-07-21 16:29:05
2026-07-21 16:29:05,321 [INFO] Embedding & Clustering for os_embedding finished in 0.60 seconds
2026-07-21 16:29:05,321 [INFO] Service analysis for sw_embedding started at 2026-07-21 16:29:05
2026-07-21 16:29:05,321 [INFO] Feature columns: ['sw-info']
2026-07-21 16:29:05,602 [INFO] [sw Embedding (PCA: True)] Embedding for Device ALARM has been done!
2026-07-21 16:29:05,894 [INFO] [sw Embedding (PCA: True)] Embedding for Device CONTROLLER has been done!
2026-07-21 16:29:05,894 [INFO] All devices have been embedded for perspective sw
2026-07-21 16:29:05,895 [INFO] Service analysis for sw_embedding finished at 2026-07-21 16:29:05
2026-07-21 16:29:05,895 [INFO] Embedding & Clustering for sw_embedding finished in 0.57 seconds
2026-07-21 16:29:05,895 [INFO] Service analysis for hw_embedding started at 2026-07-21 16:29:05
2026-07-21 16:29:05,895 [INFO] Feature columns: ['hw-info']
2026-07-21 16:29:06,204 [INFO] [hw Embedding (PCA: True)] Embedding for Device ALARM has been done!
2026-07-21 16:29:06,484 [INFO] [hw Embedding (PCA: True)] Embedding for Device CONTROLLER has been done!
2026-07-21 16:29:06,484 [INFO] All devices have been embedded for perspective hw
2026-07-21 16:29:06,485 [INFO] Service analysis for hw_embedding finished at 2026-07-21 16:29:06
2026-07-21 16:29:06,485 [INFO] Embedding & Clustering for hw_embedding finished in 0.59 seconds
2026-07-21 16:29:06,485 [INFO] Service analysis for sd_embedding started at 2026-07-21 16:29:06
2026-07-21 16:29:06,485 [INFO] Feature columns: ['service-distribution']
2026-07-21 16:29:06,779 [INFO] [sd Embedding (PCA: True)] Embedding for Device ALARM has been done!
2026-07-21 16:29:07,076 [INFO] [sd Embedding (PCA: True)] Embedding for Device CONTROLLER has been done!
2026-07-21 16:29:07,076 [INFO] All devices have been embedded for perspective sd
2026-07-21 16:29:07,076 [INFO] Service analysis for sd_embedding finished at 2026-07-21 16:29:07
2026-07-21 16:29:07,076 [INFO] Embedding & Clustering for sd_embedding finished in 0.59 seconds
2026-07-21 16:29:07,076 [INFO] Service analysis for body_embedding started at 2026-07-21 16:29:07
2026-07-21 16:29:07,076 [INFO] Feature columns: ['http-bodys']
2026-07-21 16:29:07,375 [INFO] [body Embedding (PCA: True)] Embedding for Device ALARM has been done!
2026-07-21 16:29:07,690 [INFO] [body Embedding (PCA: True)] Embedding for Device CONTROLLER has been done!
2026-07-21 16:29:07,690 [INFO] All devices have been embedded for perspective body
2026-07-21 16:29:07,690 [INFO] Service analysis for body_embedding finished at 2026-07-21 16:29:07
2026-07-21 16:29:07,690 [INFO] Embedding & Clustering for body_embedding finished in 0.61 seconds
2026-07-21 16:29:07,690 [INFO] Service analysis for htags_embedding started at 2026-07-21 16:29:07
2026-07-21 16:29:07,690 [INFO] Feature columns: ['http-tags']
2026-07-21 16:29:07,997 [INFO] [htags Embedding (PCA: True)] Embedding for Device ALARM running...
2026-07-21 16:30:29,839 [INFO] Embedding Length: 709
2026-07-21 16:30:31,381 [INFO] [**] Qwen3 embedding done!
2026-07-21 16:30:31,381 [INFO] [PCA] PCA for Device ALARM running...
2026-07-21 16:30:31,778 [INFO] [PCA] PCA for Device ALARM done!
2026-07-21 16:30:31,778 [INFO] [HDBSCAN] HDBSCAN for Device ALARM running...
2026-07-21 16:30:32,226 [INFO] [HDBSCAN] Cluster Result of Device ALARM: 5 clusters, 445 noise points
2026-07-21 16:30:32,226 [INFO] [HDBSCAN] Clustering done for Device ALARM
2026-07-21 16:30:32,671 [INFO] PCA (256) Embedding & Clustering Result Saved at /home/iot-classification/platform_data/csv/local/1/embedding_htags/ipraw_ALARM_embedding_htags_pca.csv
2026-07-21 16:30:33,092 [INFO] [htags Embedding (PCA: True)] Embedding for Device CONTROLLER running...
2026-07-21 16:31:08,897 [INFO] Embedding Length: 469
2026-07-21 16:31:09,909 [INFO] [**] Qwen3 embedding done!
2026-07-21 16:31:09,909 [INFO] [PCA] PCA for Device CONTROLLER running...
2026-07-21 16:31:10,107 [INFO] [PCA] PCA for Device CONTROLLER done!
2026-07-21 16:31:10,107 [INFO] [HDBSCAN] HDBSCAN for Device CONTROLLER running...
2026-07-21 16:31:10,394 [INFO] [HDBSCAN] Cluster Result of Device CONTROLLER: 3 clusters, 206 noise points
2026-07-21 16:31:10,394 [INFO] [HDBSCAN] Clustering done for Device CONTROLLER
2026-07-21 16:31:10,696 [INFO] PCA (256) Embedding & Clustering Result Saved at /home/iot-classification/platform_data/csv/local/1/embedding_htags/ipraw_CONTROLLER_embedding_htags_pca.csv
2026-07-21 16:31:10,697 [INFO] [*] Drawing 2D cluster plot for device ALARM - perspective embedding_htags
2026-07-21 16:31:13,009 [INFO] [+] 2D cluster plot saved to: /home/iot-classification/platform_data/csv/local/1/embedding_htags/png/cluster_2d_ALARM_pca1_pca2_dbscan(pca).png
2026-07-21 16:31:13,009 [INFO] [*] Drawing 2D cluster plot for device CONTROLLER - perspective embedding_htags
2026-07-21 16:31:15,047 [INFO] [+] 2D cluster plot saved to: /home/iot-classification/platform_data/csv/local/1/embedding_htags/png/cluster_2d_CONTROLLER_pca1_pca2_dbscan(pca).png
2026-07-21 16:31:15,053 [INFO] Service analysis for htags_embedding finished at 2026-07-21 16:31:15
2026-07-21 16:31:15,054 [INFO] ['ALARM', 'CONTROLLER']
2026-07-21 16:31:15,054 [INFO] Analyzing embedding_htags distribution for device ALARM
2026-07-21 16:31:15,311 [INFO] embedding_htags distribution stats saved to: /home/iot-classification/platform_data/csv/local/1/embedding_htags/json/embedding_htags_distribution_ALARM.json
2026-07-21 16:31:15,311 [INFO]   - Unique http-tags: 451
2026-07-21 16:31:15,311 [INFO] Drawing embedding_htags combination bar chart for ALARM...
2026-07-21 16:31:17,763 [INFO] embedding_htags combination bar chart saved to: /home/iot-classification/platform_data/csv/local/1/embedding_htags/png/embedding_htags_combination_bar_ALARM.png
2026-07-21 16:31:17,764 [INFO] Analyzing embedding_htags distribution for device CONTROLLER
2026-07-21 16:31:17,832 [INFO] embedding_htags distribution stats saved to: /home/iot-classification/platform_data/csv/local/1/embedding_htags/json/embedding_htags_distribution_CONTROLLER.json
2026-07-21 16:31:17,832 [INFO]   - Unique http-tags: 216
2026-07-21 16:31:17,832 [INFO] Drawing embedding_htags combination bar chart for CONTROLLER...
2026-07-21 16:31:19,565 [INFO] embedding_htags combination bar chart saved to: /home/iot-classification/platform_data/csv/local/1/embedding_htags/png/embedding_htags_combination_bar_CONTROLLER.png
2026-07-21 16:31:19,566 [INFO] Embedding & Clustering for htags_embedding finished in 131.88 seconds
2026-07-21 16:31:19,566 [INFO] Service analysis for hfavicons_embedding started at 2026-07-21 16:31:19
2026-07-21 16:31:19,566 [INFO] Feature columns: ['http-favicon-urls']
2026-07-21 16:31:19,974 [INFO] [hfavicons Embedding (PCA: True)] Embedding for Device ALARM running...
2026-07-21 16:32:21,609 [INFO] Embedding Length: 709
2026-07-21 16:32:23,144 [INFO] [**] Qwen3 embedding done!
2026-07-21 16:32:23,144 [INFO] [PCA] PCA for Device ALARM running...
2026-07-21 16:32:23,495 [INFO] [PCA] PCA for Device ALARM done!
2026-07-21 16:32:23,495 [INFO] [HDBSCAN] HDBSCAN for Device ALARM running...
2026-07-21 16:32:23,965 [INFO] [HDBSCAN] Cluster Result of Device ALARM: 2 clusters, 479 noise points
2026-07-21 16:32:23,965 [INFO] [HDBSCAN] Clustering done for Device ALARM
2026-07-21 16:32:24,399 [INFO] PCA (256) Embedding & Clustering Result Saved at /home/iot-classification/platform_data/csv/local/1/embedding_hfavicons/ipraw_ALARM_embedding_hfavicons_pca.csv
2026-07-21 16:32:24,791 [INFO] [hfavicons Embedding (PCA: True)] Embedding for Device CONTROLLER running...
2026-07-21 16:32:55,755 [INFO] Embedding Length: 469
2026-07-21 16:32:56,775 [INFO] [**] Qwen3 embedding done!
2026-07-21 16:32:56,775 [INFO] [PCA] PCA for Device CONTROLLER running...
2026-07-21 16:32:57,102 [INFO] [PCA] PCA for Device CONTROLLER done!
2026-07-21 16:32:57,102 [INFO] [HDBSCAN] HDBSCAN for Device CONTROLLER running...
2026-07-21 16:32:57,389 [INFO] [HDBSCAN] Cluster Result of Device CONTROLLER: 4 clusters, 198 noise points
2026-07-21 16:32:57,389 [INFO] [HDBSCAN] Clustering done for Device CONTROLLER
2026-07-21 16:32:57,709 [INFO] PCA (256) Embedding & Clustering Result Saved at /home/iot-classification/platform_data/csv/local/1/embedding_hfavicons/ipraw_CONTROLLER_embedding_hfavicons_pca.csv
2026-07-21 16:32:57,709 [INFO] [*] Drawing 2D cluster plot for device ALARM - perspective embedding_hfavicons
2026-07-21 16:32:59,867 [INFO] [+] 2D cluster plot saved to: /home/iot-classification/platform_data/csv/local/1/embedding_hfavicons/png/cluster_2d_ALARM_pca1_pca2_dbscan(pca).png
2026-07-21 16:32:59,867 [INFO] [*] Drawing 2D cluster plot for device CONTROLLER - perspective embedding_hfavicons
2026-07-21 16:33:02,089 [INFO] [+] 2D cluster plot saved to: /home/iot-classification/platform_data/csv/local/1/embedding_hfavicons/png/cluster_2d_CONTROLLER_pca1_pca2_dbscan(pca).png
2026-07-21 16:33:02,095 [INFO] Service analysis for hfavicons_embedding finished at 2026-07-21 16:33:02
2026-07-21 16:33:02,096 [INFO] ['ALARM', 'CONTROLLER']
2026-07-21 16:33:02,096 [INFO] Analyzing embedding_hfavicons distribution for device ALARM
2026-07-21 16:33:02,349 [INFO] embedding_hfavicons distribution stats saved to: /home/iot-classification/platform_data/csv/local/1/embedding_hfavicons/json/embedding_hfavicons_distribution_ALARM.json
2026-07-21 16:33:02,349 [INFO]   - Unique http-favicon-urls: 709
2026-07-21 16:33:02,349 [INFO] Drawing embedding_hfavicons combination bar chart for ALARM...
2026-07-21 16:33:03,894 [ERROR] dev_distribution failed for hfavicons: Could not convert glyph to bitmap (raster overflow; error code 0x62). Continuing with next perspective.
2026-07-21 16:33:03,897 [INFO] Embedding & Clustering for hfavicons_embedding finished in 104.33 seconds
2026-07-21 16:33:03,898 [INFO] Service analysis for hpart_embedding started at 2026-07-21 16:33:03
2026-07-21 16:33:03,898 [INFO] Feature columns: ['http-part-info']
2026-07-21 16:33:04,295 [INFO] [hpart Embedding (PCA: True)] Embedding for Device ALARM running...
2026-07-21 16:35:09,620 [INFO] Embedding Length: 709
2026-07-21 16:35:11,152 [INFO] [**] Qwen3 embedding done!
2026-07-21 16:35:11,153 [INFO] [PCA] PCA for Device ALARM running...
2026-07-21 16:35:11,505 [INFO] [PCA] PCA for Device ALARM done!
2026-07-21 16:35:11,506 [INFO] [HDBSCAN] HDBSCAN for Device ALARM running...
2026-07-21 16:35:11,993 [INFO] [HDBSCAN] Cluster Result of Device ALARM: 4 clusters, 378 noise points
2026-07-21 16:35:11,993 [INFO] [HDBSCAN] Clustering done for Device ALARM
2026-07-21 16:35:12,424 [INFO] PCA (256) Embedding & Clustering Result Saved at /home/iot-classification/platform_data/csv/local/1/embedding_hpart/ipraw_ALARM_embedding_hpart_pca.csv
2026-07-21 16:35:12,889 [INFO] [hpart Embedding (PCA: True)] Embedding for Device CONTROLLER running...
2026-07-21 16:35:51,391 [INFO] Embedding Length: 469
2026-07-21 16:35:52,404 [INFO] [**] Qwen3 embedding done!
2026-07-21 16:35:52,405 [INFO] [PCA] PCA for Device CONTROLLER running...
2026-07-21 16:35:52,692 [INFO] [PCA] PCA for Device CONTROLLER done!
2026-07-21 16:35:52,693 [INFO] [HDBSCAN] HDBSCAN for Device CONTROLLER running...
2026-07-21 16:35:52,980 [INFO] [HDBSCAN] Cluster Result of Device CONTROLLER: 3 clusters, 276 noise points
2026-07-21 16:35:52,980 [INFO] [HDBSCAN] Clustering done for Device CONTROLLER
2026-07-21 16:35:53,281 [INFO] PCA (256) Embedding & Clustering Result Saved at /home/iot-classification/platform_data/csv/local/1/embedding_hpart/ipraw_CONTROLLER_embedding_hpart_pca.csv
2026-07-21 16:35:53,281 [INFO] [*] Drawing 2D cluster plot for device ALARM - perspective embedding_hpart
2026-07-21 16:35:55,590 [INFO] [+] 2D cluster plot saved to: /home/iot-classification/platform_data/csv/local/1/embedding_hpart/png/cluster_2d_ALARM_pca1_pca2_dbscan(pca).png
2026-07-21 16:35:55,591 [INFO] [*] Drawing 2D cluster plot for device CONTROLLER - perspective embedding_hpart
2026-07-21 16:35:57,659 [INFO] [+] 2D cluster plot saved to: /home/iot-classification/platform_data/csv/local/1/embedding_hpart/png/cluster_2d_CONTROLLER_pca1_pca2_dbscan(pca).png
2026-07-21 16:35:57,666 [INFO] Service analysis for hpart_embedding finished at 2026-07-21 16:35:57
2026-07-21 16:35:57,666 [INFO] ['ALARM', 'CONTROLLER']
2026-07-21 16:35:57,666 [INFO] Analyzing embedding_hpart distribution for device ALARM
2026-07-21 16:35:57,910 [INFO] embedding_hpart distribution stats saved to: /home/iot-classification/platform_data/csv/local/1/embedding_hpart/json/embedding_hpart_distribution_ALARM.json
2026-07-21 16:35:57,910 [INFO]   - Unique http-part-info: 709
2026-07-21 16:35:57,910 [INFO] Drawing embedding_hpart combination bar chart for ALARM...
2026-07-21 16:36:08,562 [INFO] embedding_hpart combination bar chart saved to: /home/iot-classification/platform_data/csv/local/1/embedding_hpart/png/embedding_hpart_combination_bar_ALARM.png
2026-07-21 16:36:08,563 [INFO] Analyzing embedding_hpart distribution for device CONTROLLER
2026-07-21 16:36:08,631 [INFO] embedding_hpart distribution stats saved to: /home/iot-classification/platform_data/csv/local/1/embedding_hpart/json/embedding_hpart_distribution_CONTROLLER.json
2026-07-21 16:36:08,632 [INFO]   - Unique http-part-info: 219
2026-07-21 16:36:08,632 [INFO] Drawing embedding_hpart combination bar chart for CONTROLLER...
2026-07-21 16:36:10,492 [INFO] embedding_hpart combination bar chart saved to: /home/iot-classification/platform_data/csv/local/1/embedding_hpart/png/embedding_hpart_combination_bar_CONTROLLER.png
2026-07-21 16:36:10,493 [INFO] Embedding & Clustering for hpart_embedding finished in 186.60 seconds
2026-07-21 16:36:10,493 [INFO] Service analysis for http_embedding started at 2026-07-21 16:36:10
2026-07-21 16:36:10,493 [INFO] Feature columns: ['http-info']
2026-07-21 16:36:10,937 [INFO] [http Embedding (PCA: True)] Embedding for Device ALARM running...
2026-07-21 16:37:52,506 [ERROR] CUDA out of memory. Tried to allocate 50.42 GiB. GPU 1 has a total capacity of 31.74 GiB of which 25.29 GiB is free. Process 3784315 has 6.44 GiB memory in use. Of the allocated memory 5.95 GiB is allocated by PyTorch, and 131.44 MiB is reserved by PyTorch but unallocated. If reserved but unallocated memory is large try setting PYTORCH_ALLOC_CONF=expandable_segments:True to avoid fragmentation.  See documentation for Memory Management  (https://pytorch.org/docs/stable/notes/cuda.html#environment-variables)
2026-07-21 16:37:54,069 [ERROR] CUDA out of memory. Tried to allocate 50.42 GiB. GPU 1 has a total capacity of 31.74 GiB of which 25.33 GiB is free. Process 3784315 has 6.40 GiB memory in use. Of the allocated memory 5.95 GiB is allocated by PyTorch, and 91.44 MiB is reserved by PyTorch but unallocated. If reserved but unallocated memory is large try setting PYTORCH_ALLOC_CONF=expandable_segments:True to avoid fragmentation.  See documentation for Memory Management  (https://pytorch.org/docs/stable/notes/cuda.html#environment-variables)
2026-07-21 16:37:55,809 [ERROR] CUDA out of memory. Tried to allocate 50.42 GiB. GPU 1 has a total capacity of 31.74 GiB of which 25.33 GiB is free. Process 3784315 has 6.40 GiB memory in use. Of the allocated memory 5.95 GiB is allocated by PyTorch, and 91.44 MiB is reserved by PyTorch but unallocated. If reserved but unallocated memory is large try setting PYTORCH_ALLOC_CONF=expandable_segments:True to avoid fragmentation.  See documentation for Memory Management  (https://pytorch.org/docs/stable/notes/cuda.html#environment-variables)
2026-07-21 16:37:55,810 [INFO] [DEBUG] Chunking Text index: 82
2026-07-21 16:38:01,995 [INFO] [DEBUG] Embedding Length: 1024
2026-07-21 16:38:12,554 [ERROR] CUDA out of memory. Tried to allocate 18.23 GiB. GPU 1 has a total capacity of 31.74 GiB of which 9.90 GiB is free. Process 3784315 has 21.83 GiB memory in use. Of the allocated memory 21.36 GiB is allocated by PyTorch, and 107.46 MiB is reserved by PyTorch but unallocated. If reserved but unallocated memory is large try setting PYTORCH_ALLOC_CONF=expandable_segments:True to avoid fragmentation.  See documentation for Memory Management  (https://pytorch.org/docs/stable/notes/cuda.html#environment-variables)
2026-07-21 16:38:13,881 [ERROR] CUDA out of memory. Tried to allocate 18.23 GiB. GPU 1 has a total capacity of 31.74 GiB of which 9.90 GiB is free. Process 3784315 has 21.83 GiB memory in use. Of the allocated memory 21.36 GiB is allocated by PyTorch, and 107.46 MiB is reserved by PyTorch but unallocated. If reserved but unallocated memory is large try setting PYTORCH_ALLOC_CONF=expandable_segments:True to avoid fragmentation.  See documentation for Memory Management  (https://pytorch.org/docs/stable/notes/cuda.html#environment-variables)
2026-07-21 16:38:15,173 [ERROR] CUDA out of memory. Tried to allocate 18.23 GiB. GPU 1 has a total capacity of 31.74 GiB of which 9.90 GiB is free. Process 3784315 has 21.83 GiB memory in use. Of the allocated memory 21.36 GiB is allocated by PyTorch, and 107.46 MiB is reserved by PyTorch but unallocated. If reserved but unallocated memory is large try setting PYTORCH_ALLOC_CONF=expandable_segments:True to avoid fragmentation.  See documentation for Memory Management  (https://pytorch.org/docs/stable/notes/cuda.html#environment-variables)
2026-07-21 16:38:15,175 [INFO] [DEBUG] Chunking Text index: 89
2026-07-21 16:38:18,860 [INFO] [DEBUG] Embedding Length: 1024
2026-07-21 16:38:42,683 [ERROR] CUDA out of memory. Tried to allocate 21.53 GiB. GPU 1 has a total capacity of 31.74 GiB of which 6.27 GiB is free. Process 3784315 has 25.46 GiB memory in use. Of the allocated memory 24.95 GiB is allocated by PyTorch, and 154.54 MiB is reserved by PyTorch but unallocated. If reserved but unallocated memory is large try setting PYTORCH_ALLOC_CONF=expandable_segments:True to avoid fragmentation.  See documentation for Memory Management  (https://pytorch.org/docs/stable/notes/cuda.html#environment-variables)
2026-07-21 16:38:44,040 [ERROR] CUDA out of memory. Tried to allocate 21.53 GiB. GPU 1 has a total capacity of 31.74 GiB of which 6.27 GiB is free. Process 3784315 has 25.46 GiB memory in use. Of the allocated memory 24.95 GiB is allocated by PyTorch, and 154.54 MiB is reserved by PyTorch but unallocated. If reserved but unallocated memory is large try setting PYTORCH_ALLOC_CONF=expandable_segments:True to avoid fragmentation.  See documentation for Memory Management  (https://pytorch.org/docs/stable/notes/cuda.html#environment-variables)
2026-07-21 16:38:45,381 [ERROR] CUDA out of memory. Tried to allocate 21.53 GiB. GPU 1 has a total capacity of 31.74 GiB of which 6.27 GiB is free. Process 3784315 has 25.46 GiB memory in use. Of the allocated memory 24.95 GiB is allocated by PyTorch, and 154.54 MiB is reserved by PyTorch but unallocated. If reserved but unallocated memory is large try setting PYTORCH_ALLOC_CONF=expandable_segments:True to avoid fragmentation.  See documentation for Memory Management  (https://pytorch.org/docs/stable/notes/cuda.html#environment-variables)
2026-07-21 16:38:45,383 [INFO] [DEBUG] Chunking Text index: 116
2026-07-21 16:38:49,290 [INFO] [DEBUG] Embedding Length: 1024
2026-07-21 16:39:09,497 [ERROR] CUDA out of memory. Tried to allocate 46.94 GiB. GPU 1 has a total capacity of 31.74 GiB of which 25.61 GiB is free. Process 3784315 has 6.13 GiB memory in use. Of the allocated memory 5.67 GiB is allocated by PyTorch, and 94.65 MiB is reserved by PyTorch but unallocated. If reserved but unallocated memory is large try setting PYTORCH_ALLOC_CONF=expandable_segments:True to avoid fragmentation.  See documentation for Memory Management  (https://pytorch.org/docs/stable/notes/cuda.html#environment-variables)
2026-07-21 16:39:11,081 [ERROR] CUDA out of memory. Tried to allocate 46.94 GiB. GPU 1 has a total capacity of 31.74 GiB of which 25.63 GiB is free. Process 3784315 has 6.11 GiB memory in use. Of the allocated memory 5.67 GiB is allocated by PyTorch, and 74.65 MiB is reserved by PyTorch but unallocated. If reserved but unallocated memory is large try setting PYTORCH_ALLOC_CONF=expandable_segments:True to avoid fragmentation.  See documentation for Memory Management  (https://pytorch.org/docs/stable/notes/cuda.html#environment-variables)
2026-07-21 16:39:12,708 [ERROR] CUDA out of memory. Tried to allocate 46.94 GiB. GPU 1 has a total capacity of 31.74 GiB of which 25.61 GiB is free. Process 3784315 has 6.13 GiB memory in use. Of the allocated memory 5.67 GiB is allocated by PyTorch, and 94.65 MiB is reserved by PyTorch but unallocated. If reserved but unallocated memory is large try setting PYTORCH_ALLOC_CONF=expandable_segments:True to avoid fragmentation.  See documentation for Memory Management  (https://pytorch.org/docs/stable/notes/cuda.html#environment-variables)
2026-07-21 16:39:12,710 [INFO] [DEBUG] Chunking Text index: 126
2026-07-21 16:39:18,701 [INFO] [DEBUG] Embedding Length: 1024
2026-07-21 16:39:24,384 [ERROR] CUDA out of memory. Tried to allocate 28.87 GiB. GPU 1 has a total capacity of 31.74 GiB of which 27.09 GiB is free. Process 3784315 has 4.64 GiB memory in use. Of the allocated memory 4.19 GiB is allocated by PyTorch, and 89.52 MiB is reserved by PyTorch but unallocated. If reserved but unallocated memory is large try setting PYTORCH_ALLOC_CONF=expandable_segments:True to avoid fragmentation.  See documentation for Memory Management  (https://pytorch.org/docs/stable/notes/cuda.html#environment-variables)
2026-07-21 16:39:26,029 [ERROR] CUDA out of memory. Tried to allocate 28.87 GiB. GPU 1 has a total capacity of 31.74 GiB of which 27.09 GiB is free. Process 3784315 has 4.64 GiB memory in use. Of the allocated memory 4.19 GiB is allocated by PyTorch, and 89.52 MiB is reserved by PyTorch but unallocated. If reserved but unallocated memory is large try setting PYTORCH_ALLOC_CONF=expandable_segments:True to avoid fragmentation.  See documentation for Memory Management  (https://pytorch.org/docs/stable/notes/cuda.html#environment-variables)
2026-07-21 16:39:27,727 [ERROR] CUDA out of memory. Tried to allocate 28.87 GiB. GPU 1 has a total capacity of 31.74 GiB of which 27.09 GiB is free. Process 3784315 has 4.64 GiB memory in use. Of the allocated memory 4.19 GiB is allocated by PyTorch, and 89.52 MiB is reserved by PyTorch but unallocated. If reserved but unallocated memory is large try setting PYTORCH_ALLOC_CONF=expandable_segments:True to avoid fragmentation.  See documentation for Memory Management  (https://pytorch.org/docs/stable/notes/cuda.html#environment-variables)
2026-07-21 16:39:27,728 [INFO] [DEBUG] Chunking Text index: 136
2026-07-21 16:39:32,438 [INFO] [DEBUG] Embedding Length: 1024
2026-07-21 16:40:36,507 [ERROR] CUDA out of memory. Tried to allocate 17.95 GiB. GPU 1 has a total capacity of 31.74 GiB of which 10.16 GiB is free. Process 3784315 has 21.58 GiB memory in use. Of the allocated memory 21.06 GiB is allocated by PyTorch, and 154.81 MiB is reserved by PyTorch but unallocated. If reserved but unallocated memory is large try setting PYTORCH_ALLOC_CONF=expandable_segments:True to avoid fragmentation.  See documentation for Memory Management  (https://pytorch.org/docs/stable/notes/cuda.html#environment-variables)
2026-07-21 16:40:37,786 [ERROR] CUDA out of memory. Tried to allocate 17.95 GiB. GPU 1 has a total capacity of 31.74 GiB of which 10.16 GiB is free. Process 3784315 has 21.58 GiB memory in use. Of the allocated memory 21.06 GiB is allocated by PyTorch, and 154.81 MiB is reserved by PyTorch but unallocated. If reserved but unallocated memory is large try setting PYTORCH_ALLOC_CONF=expandable_segments:True to avoid fragmentation.  See documentation for Memory Management  (https://pytorch.org/docs/stable/notes/cuda.html#environment-variables)
2026-07-21 16:40:39,070 [ERROR] CUDA out of memory. Tried to allocate 17.95 GiB. GPU 1 has a total capacity of 31.74 GiB of which 10.16 GiB is free. Process 3784315 has 21.58 GiB memory in use. Of the allocated memory 21.06 GiB is allocated by PyTorch, and 154.81 MiB is reserved by PyTorch but unallocated. If reserved but unallocated memory is large try setting PYTORCH_ALLOC_CONF=expandable_segments:True to avoid fragmentation.  See documentation for Memory Management  (https://pytorch.org/docs/stable/notes/cuda.html#environment-variables)
2026-07-21 16:40:39,073 [INFO] [DEBUG] Chunking Text index: 188
2026-07-21 16:40:42,745 [INFO] [DEBUG] Embedding Length: 1024
2026-07-21 16:40:51,129 [ERROR] CUDA out of memory. Tried to allocate 39.87 GiB. GPU 1 has a total capacity of 31.74 GiB of which 26.17 GiB is free. Process 3784315 has 5.56 GiB memory in use. Of the allocated memory 5.10 GiB is allocated by PyTorch, and 97.50 MiB is reserved by PyTorch but unallocated. If reserved but unallocated memory is large try setting PYTORCH_ALLOC_CONF=expandable_segments:True to avoid fragmentation.  See documentation for Memory Management  (https://pytorch.org/docs/stable/notes/cuda.html#environment-variables)
2026-07-21 16:40:52,751 [ERROR] CUDA out of memory. Tried to allocate 39.87 GiB. GPU 1 has a total capacity of 31.74 GiB of which 26.17 GiB is free. Process 3784315 has 5.56 GiB memory in use. Of the allocated memory 5.10 GiB is allocated by PyTorch, and 97.50 MiB is reserved by PyTorch but unallocated. If reserved but unallocated memory is large try setting PYTORCH_ALLOC_CONF=expandable_segments:True to avoid fragmentation.  See documentation for Memory Management  (https://pytorch.org/docs/stable/notes/cuda.html#environment-variables)
2026-07-21 16:40:54,435 [ERROR] CUDA out of memory. Tried to allocate 39.87 GiB. GPU 1 has a total capacity of 31.74 GiB of which 26.17 GiB is free. Process 3784315 has 5.56 GiB memory in use. Of the allocated memory 5.10 GiB is allocated by PyTorch, and 97.50 MiB is reserved by PyTorch but unallocated. If reserved but unallocated memory is large try setting PYTORCH_ALLOC_CONF=expandable_segments:True to avoid fragmentation.  See documentation for Memory Management  (https://pytorch.org/docs/stable/notes/cuda.html#environment-variables)
2026-07-21 16:40:54,438 [INFO] [DEBUG] Chunking Text index: 199
2026-07-21 16:40:59,836 [INFO] [DEBUG] Embedding Length: 1024
2026-07-21 16:41:05,347 [ERROR] CUDA out of memory. Tried to allocate 27.66 GiB. GPU 1 has a total capacity of 31.74 GiB of which 27.17 GiB is free. Process 3784315 has 4.57 GiB memory in use. Of the allocated memory 4.09 GiB is allocated by PyTorch, and 114.25 MiB is reserved by PyTorch but unallocated. If reserved but unallocated memory is large try setting PYTORCH_ALLOC_CONF=expandable_segments:True to avoid fragmentation.  See documentation for Memory Management  (https://pytorch.org/docs/stable/notes/cuda.html#environment-variables)
2026-07-21 16:41:06,982 [ERROR] CUDA out of memory. Tried to allocate 27.66 GiB. GPU 1 has a total capacity of 31.74 GiB of which 27.17 GiB is free. Process 3784315 has 4.57 GiB memory in use. Of the allocated memory 4.09 GiB is allocated by PyTorch, and 114.25 MiB is reserved by PyTorch but unallocated. If reserved but unallocated memory is large try setting PYTORCH_ALLOC_CONF=expandable_segments:True to avoid fragmentation.  See documentation for Memory Management  (https://pytorch.org/docs/stable/notes/cuda.html#environment-variables)
2026-07-21 16:41:08,670 [ERROR] CUDA out of memory. Tried to allocate 27.66 GiB. GPU 1 has a total capacity of 31.74 GiB of which 27.17 GiB is free. Process 3784315 has 4.57 GiB memory in use. Of the allocated memory 4.09 GiB is allocated by PyTorch, and 114.25 MiB is reserved by PyTorch but unallocated. If reserved but unallocated memory is large try setting PYTORCH_ALLOC_CONF=expandable_segments:True to avoid fragmentation.  See documentation for Memory Management  (https://pytorch.org/docs/stable/notes/cuda.html#environment-variables)
2026-07-21 16:41:08,671 [INFO] [DEBUG] Chunking Text index: 206
2026-07-21 16:41:13,255 [INFO] [DEBUG] Embedding Length: 1024
2026-07-21 16:42:11,251 [ERROR] CUDA out of memory. Tried to allocate 3.06 GiB. GPU 1 has a total capacity of 31.74 GiB of which 3.03 GiB is free. Process 3784315 has 28.71 GiB memory in use. Of the allocated memory 28.22 GiB is allocated by PyTorch, and 129.66 MiB is reserved by PyTorch but unallocated. If reserved but unallocated memory is large try setting PYTORCH_ALLOC_CONF=expandable_segments:True to avoid fragmentation.  See documentation for Memory Management  (https://pytorch.org/docs/stable/notes/cuda.html#environment-variables)
2026-07-21 16:42:29,082 [ERROR] CUDA out of memory. Tried to allocate 3.06 GiB. GPU 1 has a total capacity of 31.74 GiB of which 3.03 GiB is free. Process 3784315 has 28.71 GiB memory in use. Of the allocated memory 28.22 GiB is allocated by PyTorch, and 129.66 MiB is reserved by PyTorch but unallocated. If reserved but unallocated memory is large try setting PYTORCH_ALLOC_CONF=expandable_segments:True to avoid fragmentation.  See documentation for Memory Management  (https://pytorch.org/docs/stable/notes/cuda.html#environment-variables)
2026-07-21 16:42:46,829 [ERROR] CUDA out of memory. Tried to allocate 3.06 GiB. GPU 1 has a total capacity of 31.74 GiB of which 3.03 GiB is free. Process 3784315 has 28.71 GiB memory in use. Of the allocated memory 28.22 GiB is allocated by PyTorch, and 129.66 MiB is reserved by PyTorch but unallocated. If reserved but unallocated memory is large try setting PYTORCH_ALLOC_CONF=expandable_segments:True to avoid fragmentation.  See documentation for Memory Management  (https://pytorch.org/docs/stable/notes/cuda.html#environment-variables)
2026-07-21 16:42:46,832 [INFO] [DEBUG] Chunking Text index: 229
2026-07-21 16:42:49,705 [INFO] [DEBUG] Embedding Length: 1024
2026-07-21 16:42:52,804 [ERROR] CUDA out of memory. Tried to allocate 16.07 GiB. GPU 1 has a total capacity of 31.74 GiB of which 12.27 GiB is free. Process 3784315 has 19.47 GiB memory in use. Of the allocated memory 19.01 GiB is allocated by PyTorch, and 97.24 MiB is reserved by PyTorch but unallocated. If reserved but unallocated memory is large try setting PYTORCH_ALLOC_CONF=expandable_segments:True to avoid fragmentation.  See documentation for Memory Management  (https://pytorch.org/docs/stable/notes/cuda.html#environment-variables)
2026-07-21 16:42:54,154 [ERROR] CUDA out of memory. Tried to allocate 16.07 GiB. GPU 1 has a total capacity of 31.74 GiB of which 12.23 GiB is free. Process 3784315 has 19.51 GiB memory in use. Of the allocated memory 19.01 GiB is allocated by PyTorch, and 137.24 MiB is reserved by PyTorch but unallocated. If reserved but unallocated memory is large try setting PYTORCH_ALLOC_CONF=expandable_segments:True to avoid fragmentation.  See documentation for Memory Management  (https://pytorch.org/docs/stable/notes/cuda.html#environment-variables)
2026-07-21 16:42:55,474 [ERROR] CUDA out of memory. Tried to allocate 16.07 GiB. GPU 1 has a total capacity of 31.74 GiB of which 12.27 GiB is free. Process 3784315 has 19.47 GiB memory in use. Of the allocated memory 19.01 GiB is allocated by PyTorch, and 97.24 MiB is reserved by PyTorch but unallocated. If reserved but unallocated memory is large try setting PYTORCH_ALLOC_CONF=expandable_segments:True to avoid fragmentation.  See documentation for Memory Management  (https://pytorch.org/docs/stable/notes/cuda.html#environment-variables)
2026-07-21 16:42:55,476 [INFO] [DEBUG] Chunking Text index: 232
2026-07-21 16:42:58,974 [INFO] [DEBUG] Embedding Length: 1024
2026-07-21 16:43:40,985 [ERROR] CUDA out of memory. Tried to allocate 46.22 GiB. GPU 1 has a total capacity of 31.74 GiB of which 25.67 GiB is free. Process 3784315 has 6.07 GiB memory in use. Of the allocated memory 5.61 GiB is allocated by PyTorch, and 93.75 MiB is reserved by PyTorch but unallocated. If reserved but unallocated memory is large try setting PYTORCH_ALLOC_CONF=expandable_segments:True to avoid fragmentation.  See documentation for Memory Management  (https://pytorch.org/docs/stable/notes/cuda.html#environment-variables)
2026-07-21 16:43:42,557 [ERROR] CUDA out of memory. Tried to allocate 46.22 GiB. GPU 1 has a total capacity of 31.74 GiB of which 25.67 GiB is free. Process 3784315 has 6.07 GiB memory in use. Of the allocated memory 5.61 GiB is allocated by PyTorch, and 93.75 MiB is reserved by PyTorch but unallocated. If reserved but unallocated memory is large try setting PYTORCH_ALLOC_CONF=expandable_segments:True to avoid fragmentation.  See documentation for Memory Management  (https://pytorch.org/docs/stable/notes/cuda.html#environment-variables)
2026-07-21 16:43:44,250 [ERROR] CUDA out of memory. Tried to allocate 46.22 GiB. GPU 1 has a total capacity of 31.74 GiB of which 25.67 GiB is free. Process 3784315 has 6.07 GiB memory in use. Of the allocated memory 5.61 GiB is allocated by PyTorch, and 93.75 MiB is reserved by PyTorch but unallocated. If reserved but unallocated memory is large try setting PYTORCH_ALLOC_CONF=expandable_segments:True to avoid fragmentation.  See documentation for Memory Management  (https://pytorch.org/docs/stable/notes/cuda.html#environment-variables)
2026-07-21 16:43:44,252 [INFO] [DEBUG] Chunking Text index: 285
2026-07-21 16:43:50,110 [INFO] [DEBUG] Embedding Length: 1024
2026-07-21 16:43:51,670 [ERROR] CUDA out of memory. Tried to allocate 14.50 GiB. GPU 1 has a total capacity of 31.74 GiB of which 13.97 GiB is free. Process 3784315 has 17.77 GiB memory in use. Of the allocated memory 17.30 GiB is allocated by PyTorch, and 105.85 MiB is reserved by PyTorch but unallocated. If reserved but unallocated memory is large try setting PYTORCH_ALLOC_CONF=expandable_segments:True to avoid fragmentation.  See documentation for Memory Management  (https://pytorch.org/docs/stable/notes/cuda.html#environment-variables)
2026-07-21 16:43:53,005 [ERROR] CUDA out of memory. Tried to allocate 14.50 GiB. GPU 1 has a total capacity of 31.74 GiB of which 13.95 GiB is free. Process 3784315 has 17.79 GiB memory in use. Of the allocated memory 17.30 GiB is allocated by PyTorch, and 125.85 MiB is reserved by PyTorch but unallocated. If reserved but unallocated memory is large try setting PYTORCH_ALLOC_CONF=expandable_segments:True to avoid fragmentation.  See documentation for Memory Management  (https://pytorch.org/docs/stable/notes/cuda.html#environment-variables)
2026-07-21 16:43:54,380 [ERROR] CUDA out of memory. Tried to allocate 14.50 GiB. GPU 1 has a total capacity of 31.74 GiB of which 13.97 GiB is free. Process 3784315 has 17.77 GiB memory in use. Of the allocated memory 17.30 GiB is allocated by PyTorch, and 105.85 MiB is reserved by PyTorch but unallocated. If reserved but unallocated memory is large try setting PYTORCH_ALLOC_CONF=expandable_segments:True to avoid fragmentation.  See documentation for Memory Management  (https://pytorch.org/docs/stable/notes/cuda.html#environment-variables)
2026-07-21 16:43:54,382 [INFO] [DEBUG] Chunking Text index: 287
2026-07-21 16:43:57,787 [INFO] [DEBUG] Embedding Length: 1024
2026-07-21 16:44:55,689 [ERROR] CUDA out of memory. Tried to allocate 14.96 GiB. GPU 1 has a total capacity of 31.74 GiB of which 13.48 GiB is free. Process 3784315 has 18.26 GiB memory in use. Of the allocated memory 17.80 GiB is allocated by PyTorch, and 95.95 MiB is reserved by PyTorch but unallocated. If reserved but unallocated memory is large try setting PYTORCH_ALLOC_CONF=expandable_segments:True to avoid fragmentation.  See documentation for Memory Management  (https://pytorch.org/docs/stable/notes/cuda.html#environment-variables)
2026-07-21 16:44:57,004 [ERROR] CUDA out of memory. Tried to allocate 14.96 GiB. GPU 1 has a total capacity of 31.74 GiB of which 13.50 GiB is free. Process 3784315 has 18.24 GiB memory in use. Of the allocated memory 17.80 GiB is allocated by PyTorch, and 75.95 MiB is reserved by PyTorch but unallocated. If reserved but unallocated memory is large try setting PYTORCH_ALLOC_CONF=expandable_segments:True to avoid fragmentation.  See documentation for Memory Management  (https://pytorch.org/docs/stable/notes/cuda.html#environment-variables)
2026-07-21 16:44:58,320 [ERROR] CUDA out of memory. Tried to allocate 14.96 GiB. GPU 1 has a total capacity of 31.74 GiB of which 13.44 GiB is free. Process 3784315 has 18.30 GiB memory in use. Of the allocated memory 17.80 GiB is allocated by PyTorch, and 135.95 MiB is reserved by PyTorch but unallocated. If reserved but unallocated memory is large try setting PYTORCH_ALLOC_CONF=expandable_segments:True to avoid fragmentation.  See documentation for Memory Management  (https://pytorch.org/docs/stable/notes/cuda.html#environment-variables)
2026-07-21 16:44:58,322 [INFO] [DEBUG] Chunking Text index: 347
2026-07-21 16:45:01,670 [INFO] [DEBUG] Embedding Length: 1024
2026-07-21 16:45:17,235 [ERROR] CUDA out of memory. Tried to allocate 3.52 GiB. GPU 1 has a total capacity of 31.74 GiB of which 381.12 MiB is free. Process 3784315 has 31.36 GiB memory in use. Of the allocated memory 30.91 GiB is allocated by PyTorch, and 90.06 MiB is reserved by PyTorch but unallocated. If reserved but unallocated memory is large try setting PYTORCH_ALLOC_CONF=expandable_segments:True to avoid fragmentation.  See documentation for Memory Management  (https://pytorch.org/docs/stable/notes/cuda.html#environment-variables)
2026-07-21 16:45:18,957 [ERROR] CUDA out of memory. Tried to allocate 3.52 GiB. GPU 1 has a total capacity of 31.74 GiB of which 341.12 MiB is free. Process 3784315 has 31.40 GiB memory in use. Of the allocated memory 30.91 GiB is allocated by PyTorch, and 130.06 MiB is reserved by PyTorch but unallocated. If reserved but unallocated memory is large try setting PYTORCH_ALLOC_CONF=expandable_segments:True to avoid fragmentation.  See documentation for Memory Management  (https://pytorch.org/docs/stable/notes/cuda.html#environment-variables)
2026-07-21 16:45:20,715 [ERROR] CUDA out of memory. Tried to allocate 3.52 GiB. GPU 1 has a total capacity of 31.74 GiB of which 381.12 MiB is free. Process 3784315 has 31.36 GiB memory in use. Of the allocated memory 30.91 GiB is allocated by PyTorch, and 90.06 MiB is reserved by PyTorch but unallocated. If reserved but unallocated memory is large try setting PYTORCH_ALLOC_CONF=expandable_segments:True to avoid fragmentation.  See documentation for Memory Management  (https://pytorch.org/docs/stable/notes/cuda.html#environment-variables)
2026-07-21 16:45:20,718 [INFO] [DEBUG] Chunking Text index: 361
2026-07-21 16:45:24,031 [INFO] [DEBUG] Embedding Length: 1024
2026-07-21 16:46:13,642 [ERROR] CUDA out of memory. Tried to allocate 46.14 GiB. GPU 1 has a total capacity of 31.74 GiB of which 25.65 GiB is free. Process 3784315 has 6.09 GiB memory in use. Of the allocated memory 5.61 GiB is allocated by PyTorch, and 120.00 MiB is reserved by PyTorch but unallocated. If reserved but unallocated memory is large try setting PYTORCH_ALLOC_CONF=expandable_segments:True to avoid fragmentation.  See documentation for Memory Management  (https://pytorch.org/docs/stable/notes/cuda.html#environment-variables)
2026-07-21 16:46:15,228 [ERROR] CUDA out of memory. Tried to allocate 46.14 GiB. GPU 1 has a total capacity of 31.74 GiB of which 25.65 GiB is free. Process 3784315 has 6.09 GiB memory in use. Of the allocated memory 5.61 GiB is allocated by PyTorch, and 120.00 MiB is reserved by PyTorch but unallocated. If reserved but unallocated memory is large try setting PYTORCH_ALLOC_CONF=expandable_segments:True to avoid fragmentation.  See documentation for Memory Management  (https://pytorch.org/docs/stable/notes/cuda.html#environment-variables)
2026-07-21 16:46:16,876 [ERROR] CUDA out of memory. Tried to allocate 46.14 GiB. GPU 1 has a total capacity of 31.74 GiB of which 25.65 GiB is free. Process 3784315 has 6.09 GiB memory in use. Of the allocated memory 5.61 GiB is allocated by PyTorch, and 120.00 MiB is reserved by PyTorch but unallocated. If reserved but unallocated memory is large try setting PYTORCH_ALLOC_CONF=expandable_segments:True to avoid fragmentation.  See documentation for Memory Management  (https://pytorch.org/docs/stable/notes/cuda.html#environment-variables)
2026-07-21 16:46:16,878 [INFO] [DEBUG] Chunking Text index: 395
2026-07-21 16:46:22,797 [INFO] [DEBUG] Embedding Length: 1024
2026-07-21 16:46:35,663 [ERROR] CUDA out of memory. Tried to allocate 19.35 GiB. GPU 1 has a total capacity of 31.74 GiB of which 8.65 GiB is free. Process 3784315 has 23.08 GiB memory in use. Of the allocated memory 22.57 GiB is allocated by PyTorch, and 147.09 MiB is reserved by PyTorch but unallocated. If reserved but unallocated memory is large try setting PYTORCH_ALLOC_CONF=expandable_segments:True to avoid fragmentation.  See documentation for Memory Management  (https://pytorch.org/docs/stable/notes/cuda.html#environment-variables)
2026-07-21 16:46:36,955 [ERROR] CUDA out of memory. Tried to allocate 19.35 GiB. GPU 1 has a total capacity of 31.74 GiB of which 8.65 GiB is free. Process 3784315 has 23.08 GiB memory in use. Of the allocated memory 22.57 GiB is allocated by PyTorch, and 147.09 MiB is reserved by PyTorch but unallocated. If reserved but unallocated memory is large try setting PYTORCH_ALLOC_CONF=expandable_segments:True to avoid fragmentation.  See documentation for Memory Management  (https://pytorch.org/docs/stable/notes/cuda.html#environment-variables)
2026-07-21 16:46:38,251 [ERROR] CUDA out of memory. Tried to allocate 19.35 GiB. GPU 1 has a total capacity of 31.74 GiB of which 8.65 GiB is free. Process 3784315 has 23.08 GiB memory in use. Of the allocated memory 22.57 GiB is allocated by PyTorch, and 147.09 MiB is reserved by PyTorch but unallocated. If reserved but unallocated memory is large try setting PYTORCH_ALLOC_CONF=expandable_segments:True to avoid fragmentation.  See documentation for Memory Management  (https://pytorch.org/docs/stable/notes/cuda.html#environment-variables)
2026-07-21 16:46:38,253 [INFO] [DEBUG] Chunking Text index: 408
2026-07-21 16:46:41,674 [INFO] [DEBUG] Embedding Length: 1024
2026-07-21 16:47:39,143 [ERROR] CUDA out of memory. Tried to allocate 35.92 GiB. GPU 1 has a total capacity of 31.74 GiB of which 26.49 GiB is free. Process 3784315 has 5.25 GiB memory in use. Of the allocated memory 4.78 GiB is allocated by PyTorch, and 107.85 MiB is reserved by PyTorch but unallocated. If reserved but unallocated memory is large try setting PYTORCH_ALLOC_CONF=expandable_segments:True to avoid fragmentation.  See documentation for Memory Management  (https://pytorch.org/docs/stable/notes/cuda.html#environment-variables)
2026-07-21 16:47:40,777 [ERROR] CUDA out of memory. Tried to allocate 35.92 GiB. GPU 1 has a total capacity of 31.74 GiB of which 26.49 GiB is free. Process 3784315 has 5.25 GiB memory in use. Of the allocated memory 4.78 GiB is allocated by PyTorch, and 107.85 MiB is reserved by PyTorch but unallocated. If reserved but unallocated memory is large try setting PYTORCH_ALLOC_CONF=expandable_segments:True to avoid fragmentation.  See documentation for Memory Management  (https://pytorch.org/docs/stable/notes/cuda.html#environment-variables)
2026-07-21 16:47:42,421 [ERROR] CUDA out of memory. Tried to allocate 35.92 GiB. GPU 1 has a total capacity of 31.74 GiB of which 26.49 GiB is free. Process 3784315 has 5.25 GiB memory in use. Of the allocated memory 4.78 GiB is allocated by PyTorch, and 107.85 MiB is reserved by PyTorch but unallocated. If reserved but unallocated memory is large try setting PYTORCH_ALLOC_CONF=expandable_segments:True to avoid fragmentation.  See documentation for Memory Management  (https://pytorch.org/docs/stable/notes/cuda.html#environment-variables)
2026-07-21 16:47:42,423 [INFO] [DEBUG] Chunking Text index: 457
2026-07-21 16:47:47,739 [INFO] [DEBUG] Embedding Length: 1024
2026-07-21 16:48:44,401 [ERROR] CUDA out of memory. Tried to allocate 32.25 GiB. GPU 1 has a total capacity of 31.74 GiB of which 26.82 GiB is free. Process 3784315 has 4.92 GiB memory in use. Of the allocated memory 4.48 GiB is allocated by PyTorch, and 78.63 MiB is reserved by PyTorch but unallocated. If reserved but unallocated memory is large try setting PYTORCH_ALLOC_CONF=expandable_segments:True to avoid fragmentation.  See documentation for Memory Management  (https://pytorch.org/docs/stable/notes/cuda.html#environment-variables)
2026-07-21 16:48:46,047 [ERROR] CUDA out of memory. Tried to allocate 32.25 GiB. GPU 1 has a total capacity of 31.74 GiB of which 26.80 GiB is free. Process 3784315 has 4.94 GiB memory in use. Of the allocated memory 4.48 GiB is allocated by PyTorch, and 98.63 MiB is reserved by PyTorch but unallocated. If reserved but unallocated memory is large try setting PYTORCH_ALLOC_CONF=expandable_segments:True to avoid fragmentation.  See documentation for Memory Management  (https://pytorch.org/docs/stable/notes/cuda.html#environment-variables)
2026-07-21 16:48:47,720 [ERROR] CUDA out of memory. Tried to allocate 32.25 GiB. GPU 1 has a total capacity of 31.74 GiB of which 26.84 GiB is free. Process 3784315 has 4.90 GiB memory in use. Of the allocated memory 4.48 GiB is allocated by PyTorch, and 58.63 MiB is reserved by PyTorch but unallocated. If reserved but unallocated memory is large try setting PYTORCH_ALLOC_CONF=expandable_segments:True to avoid fragmentation.  See documentation for Memory Management  (https://pytorch.org/docs/stable/notes/cuda.html#environment-variables)
2026-07-21 16:48:47,721 [INFO] [DEBUG] Chunking Text index: 526
2026-07-21 16:48:52,833 [INFO] [DEBUG] Embedding Length: 1024
2026-07-21 16:49:13,968 [ERROR] CUDA out of memory. Tried to allocate 27.29 GiB. GPU 1 has a total capacity of 31.74 GiB of which 27.25 GiB is free. Process 3784315 has 4.49 GiB memory in use. Of the allocated memory 4.06 GiB is allocated by PyTorch, and 66.57 MiB is reserved by PyTorch but unallocated. If reserved but unallocated memory is large try setting PYTORCH_ALLOC_CONF=expandable_segments:True to avoid fragmentation.  See documentation for Memory Management  (https://pytorch.org/docs/stable/notes/cuda.html#environment-variables)
2026-07-21 16:49:15,601 [ERROR] CUDA out of memory. Tried to allocate 27.29 GiB. GPU 1 has a total capacity of 31.74 GiB of which 27.23 GiB is free. Process 3784315 has 4.51 GiB memory in use. Of the allocated memory 4.06 GiB is allocated by PyTorch, and 86.57 MiB is reserved by PyTorch but unallocated. If reserved but unallocated memory is large try setting PYTORCH_ALLOC_CONF=expandable_segments:True to avoid fragmentation.  See documentation for Memory Management  (https://pytorch.org/docs/stable/notes/cuda.html#environment-variables)
2026-07-21 16:49:17,304 [ERROR] CUDA out of memory. Tried to allocate 27.29 GiB. GPU 1 has a total capacity of 31.74 GiB of which 27.25 GiB is free. Process 3784315 has 4.49 GiB memory in use. Of the allocated memory 4.06 GiB is allocated by PyTorch, and 66.57 MiB is reserved by PyTorch but unallocated. If reserved but unallocated memory is large try setting PYTORCH_ALLOC_CONF=expandable_segments:True to avoid fragmentation.  See documentation for Memory Management  (https://pytorch.org/docs/stable/notes/cuda.html#environment-variables)
2026-07-21 16:49:17,305 [INFO] [DEBUG] Chunking Text index: 554
2026-07-21 16:49:21,828 [INFO] [DEBUG] Embedding Length: 1024
2026-07-21 16:49:40,723 [ERROR] CUDA out of memory. Tried to allocate 19.54 GiB. GPU 1 has a total capacity of 31.74 GiB of which 8.44 GiB is free. Process 3784315 has 23.30 GiB memory in use. Of the allocated memory 22.79 GiB is allocated by PyTorch, and 146.86 MiB is reserved by PyTorch but unallocated. If reserved but unallocated memory is large try setting PYTORCH_ALLOC_CONF=expandable_segments:True to avoid fragmentation.  See documentation for Memory Management  (https://pytorch.org/docs/stable/notes/cuda.html#environment-variables)
2026-07-21 16:49:41,999 [ERROR] CUDA out of memory. Tried to allocate 19.54 GiB. GPU 1 has a total capacity of 31.74 GiB of which 8.46 GiB is free. Process 3784315 has 23.28 GiB memory in use. Of the allocated memory 22.79 GiB is allocated by PyTorch, and 126.86 MiB is reserved by PyTorch but unallocated. If reserved but unallocated memory is large try setting PYTORCH_ALLOC_CONF=expandable_segments:True to avoid fragmentation.  See documentation for Memory Management  (https://pytorch.org/docs/stable/notes/cuda.html#environment-variables)
2026-07-21 16:49:43,262 [ERROR] CUDA out of memory. Tried to allocate 19.54 GiB. GPU 1 has a total capacity of 31.74 GiB of which 8.46 GiB is free. Process 3784315 has 23.28 GiB memory in use. Of the allocated memory 22.79 GiB is allocated by PyTorch, and 126.86 MiB is reserved by PyTorch but unallocated. If reserved but unallocated memory is large try setting PYTORCH_ALLOC_CONF=expandable_segments:True to avoid fragmentation.  See documentation for Memory Management  (https://pytorch.org/docs/stable/notes/cuda.html#environment-variables)
2026-07-21 16:49:43,264 [INFO] [DEBUG] Chunking Text index: 577
2026-07-21 16:49:46,961 [INFO] [DEBUG] Embedding Length: 1024
2026-07-21 16:49:48,621 [ERROR] CUDA out of memory. Tried to allocate 37.24 GiB. GPU 1 has a total capacity of 31.74 GiB of which 26.39 GiB is free. Process 3784315 has 5.35 GiB memory in use. Of the allocated memory 4.89 GiB is allocated by PyTorch, and 96.95 MiB is reserved by PyTorch but unallocated. If reserved but unallocated memory is large try setting PYTORCH_ALLOC_CONF=expandable_segments:True to avoid fragmentation.  See documentation for Memory Management  (https://pytorch.org/docs/stable/notes/cuda.html#environment-variables)
2026-07-21 16:49:50,323 [ERROR] CUDA out of memory. Tried to allocate 37.24 GiB. GPU 1 has a total capacity of 31.74 GiB of which 26.37 GiB is free. Process 3784315 has 5.37 GiB memory in use. Of the allocated memory 4.89 GiB is allocated by PyTorch, and 116.95 MiB is reserved by PyTorch but unallocated. If reserved but unallocated memory is large try setting PYTORCH_ALLOC_CONF=expandable_segments:True to avoid fragmentation.  See documentation for Memory Management  (https://pytorch.org/docs/stable/notes/cuda.html#environment-variables)
2026-07-21 16:49:51,996 [ERROR] CUDA out of memory. Tried to allocate 37.24 GiB. GPU 1 has a total capacity of 31.74 GiB of which 26.43 GiB is free. Process 3784315 has 5.31 GiB memory in use. Of the allocated memory 4.89 GiB is allocated by PyTorch, and 56.95 MiB is reserved by PyTorch but unallocated. If reserved but unallocated memory is large try setting PYTORCH_ALLOC_CONF=expandable_segments:True to avoid fragmentation.  See documentation for Memory Management  (https://pytorch.org/docs/stable/notes/cuda.html#environment-variables)
2026-07-21 16:49:51,997 [INFO] [DEBUG] Chunking Text index: 579
2026-07-21 16:49:57,240 [INFO] [DEBUG] Embedding Length: 1024
2026-07-21 16:50:05,921 [ERROR] CUDA out of memory. Tried to allocate 29.93 GiB. GPU 1 has a total capacity of 31.74 GiB of which 26.97 GiB is free. Process 3784315 has 4.76 GiB memory in use. Of the allocated memory 4.28 GiB is allocated by PyTorch, and 117.88 MiB is reserved by PyTorch but unallocated. If reserved but unallocated memory is large try setting PYTORCH_ALLOC_CONF=expandable_segments:True to avoid fragmentation.  See documentation for Memory Management  (https://pytorch.org/docs/stable/notes/cuda.html#environment-variables)
2026-07-21 16:50:07,566 [ERROR] CUDA out of memory. Tried to allocate 29.93 GiB. GPU 1 has a total capacity of 31.74 GiB of which 26.97 GiB is free. Process 3784315 has 4.76 GiB memory in use. Of the allocated memory 4.28 GiB is allocated by PyTorch, and 117.88 MiB is reserved by PyTorch but unallocated. If reserved but unallocated memory is large try setting PYTORCH_ALLOC_CONF=expandable_segments:True to avoid fragmentation.  See documentation for Memory Management  (https://pytorch.org/docs/stable/notes/cuda.html#environment-variables)
2026-07-21 16:50:09,270 [ERROR] CUDA out of memory. Tried to allocate 29.93 GiB. GPU 1 has a total capacity of 31.74 GiB of which 26.97 GiB is free. Process 3784315 has 4.76 GiB memory in use. Of the allocated memory 4.28 GiB is allocated by PyTorch, and 117.88 MiB is reserved by PyTorch but unallocated. If reserved but unallocated memory is large try setting PYTORCH_ALLOC_CONF=expandable_segments:True to avoid fragmentation.  See documentation for Memory Management  (https://pytorch.org/docs/stable/notes/cuda.html#environment-variables)
2026-07-21 16:50:09,271 [INFO] [DEBUG] Chunking Text index: 588
2026-07-21 16:50:13,791 [INFO] [DEBUG] Embedding Length: 1024
2026-07-21 16:50:36,910 [ERROR] CUDA out of memory. Tried to allocate 45.52 GiB. GPU 1 has a total capacity of 31.74 GiB of which 25.68 GiB is free. Process 3784315 has 6.05 GiB memory in use. Of the allocated memory 5.56 GiB is allocated by PyTorch, and 130.88 MiB is reserved by PyTorch but unallocated. If reserved but unallocated memory is large try setting PYTORCH_ALLOC_CONF=expandable_segments:True to avoid fragmentation.  See documentation for Memory Management  (https://pytorch.org/docs/stable/notes/cuda.html#environment-variables)
2026-07-21 16:50:38,474 [ERROR] CUDA out of memory. Tried to allocate 45.52 GiB. GPU 1 has a total capacity of 31.74 GiB of which 25.68 GiB is free. Process 3784315 has 6.05 GiB memory in use. Of the allocated memory 5.56 GiB is allocated by PyTorch, and 130.88 MiB is reserved by PyTorch but unallocated. If reserved but unallocated memory is large try setting PYTORCH_ALLOC_CONF=expandable_segments:True to avoid fragmentation.  See documentation for Memory Management  (https://pytorch.org/docs/stable/notes/cuda.html#environment-variables)
2026-07-21 16:50:40,141 [ERROR] CUDA out of memory. Tried to allocate 45.52 GiB. GPU 1 has a total capacity of 31.74 GiB of which 25.68 GiB is free. Process 3784315 has 6.05 GiB memory in use. Of the allocated memory 5.56 GiB is allocated by PyTorch, and 130.88 MiB is reserved by PyTorch but unallocated. If reserved but unallocated memory is large try setting PYTORCH_ALLOC_CONF=expandable_segments:True to avoid fragmentation.  See documentation for Memory Management  (https://pytorch.org/docs/stable/notes/cuda.html#environment-variables)
2026-07-21 16:50:40,143 [INFO] [DEBUG] Chunking Text index: 610
2026-07-21 16:50:45,981 [INFO] [DEBUG] Embedding Length: 1024
2026-07-21 16:51:43,940 [ERROR] CUDA out of memory. Tried to allocate 19.16 GiB. GPU 1 has a total capacity of 31.74 GiB of which 8.89 GiB is free. Process 3784315 has 22.85 GiB memory in use. Of the allocated memory 22.38 GiB is allocated by PyTorch, and 109.58 MiB is reserved by PyTorch but unallocated. If reserved but unallocated memory is large try setting PYTORCH_ALLOC_CONF=expandable_segments:True to avoid fragmentation.  See documentation for Memory Management  (https://pytorch.org/docs/stable/notes/cuda.html#environment-variables)
2026-07-21 16:51:45,245 [ERROR] CUDA out of memory. Tried to allocate 19.16 GiB. GPU 1 has a total capacity of 31.74 GiB of which 8.89 GiB is free. Process 3784315 has 22.85 GiB memory in use. Of the allocated memory 22.38 GiB is allocated by PyTorch, and 109.58 MiB is reserved by PyTorch but unallocated. If reserved but unallocated memory is large try setting PYTORCH_ALLOC_CONF=expandable_segments:True to avoid fragmentation.  See documentation for Memory Management  (https://pytorch.org/docs/stable/notes/cuda.html#environment-variables)
2026-07-21 16:51:46,536 [ERROR] CUDA out of memory. Tried to allocate 19.16 GiB. GPU 1 has a total capacity of 31.74 GiB of which 8.89 GiB is free. Process 3784315 has 22.85 GiB memory in use. Of the allocated memory 22.38 GiB is allocated by PyTorch, and 109.58 MiB is reserved by PyTorch but unallocated. If reserved but unallocated memory is large try setting PYTORCH_ALLOC_CONF=expandable_segments:True to avoid fragmentation.  See documentation for Memory Management  (https://pytorch.org/docs/stable/notes/cuda.html#environment-variables)
2026-07-21 16:51:46,538 [INFO] [DEBUG] Chunking Text index: 671
2026-07-21 16:51:50,268 [INFO] [DEBUG] Embedding Length: 1024
2026-07-21 16:52:11,785 [ERROR] CUDA out of memory. Tried to allocate 14.43 GiB. GPU 1 has a total capacity of 31.74 GiB of which 14.06 GiB is free. Process 3784315 has 17.67 GiB memory in use. Of the allocated memory 17.22 GiB is allocated by PyTorch, and 84.57 MiB is reserved by PyTorch but unallocated. If reserved but unallocated memory is large try setting PYTORCH_ALLOC_CONF=expandable_segments:True to avoid fragmentation.  See documentation for Memory Management  (https://pytorch.org/docs/stable/notes/cuda.html#environment-variables)
2026-07-21 16:52:13,087 [ERROR] CUDA out of memory. Tried to allocate 14.43 GiB. GPU 1 has a total capacity of 31.74 GiB of which 14.01 GiB is free. Process 3784315 has 17.73 GiB memory in use. Of the allocated memory 17.22 GiB is allocated by PyTorch, and 144.57 MiB is reserved by PyTorch but unallocated. If reserved but unallocated memory is large try setting PYTORCH_ALLOC_CONF=expandable_segments:True to avoid fragmentation.  See documentation for Memory Management  (https://pytorch.org/docs/stable/notes/cuda.html#environment-variables)
2026-07-21 16:52:14,422 [ERROR] CUDA out of memory. Tried to allocate 14.43 GiB. GPU 1 has a total capacity of 31.74 GiB of which 14.06 GiB is free. Process 3784315 has 17.67 GiB memory in use. Of the allocated memory 17.22 GiB is allocated by PyTorch, and 84.57 MiB is reserved by PyTorch but unallocated. If reserved but unallocated memory is large try setting PYTORCH_ALLOC_CONF=expandable_segments:True to avoid fragmentation.  See documentation for Memory Management  (https://pytorch.org/docs/stable/notes/cuda.html#environment-variables)
2026-07-21 16:52:14,424 [INFO] [DEBUG] Chunking Text index: 706
2026-07-21 16:52:17,511 [INFO] [DEBUG] Embedding Length: 1024
2026-07-21 16:52:18,936 [INFO] Embedding Length: 709
2026-07-21 16:52:20,503 [INFO] [**] Qwen3 embedding done!
2026-07-21 16:52:20,503 [INFO] [PCA] PCA for Device ALARM running...
2026-07-21 16:52:20,885 [INFO] [PCA] PCA for Device ALARM done!
2026-07-21 16:52:20,885 [INFO] [HDBSCAN] HDBSCAN for Device ALARM running...
2026-07-21 16:52:21,357 [INFO] [HDBSCAN] Cluster Result of Device ALARM: 4 clusters, 515 noise points
2026-07-21 16:52:21,357 [INFO] [HDBSCAN] Clustering done for Device ALARM
2026-07-21 16:52:21,804 [INFO] PCA (256) Embedding & Clustering Result Saved at /home/iot-classification/platform_data/csv/local/1/embedding_http/ipraw_ALARM_embedding_http_pca.csv
2026-07-21 16:52:22,134 [INFO] [http Embedding (PCA: True)] Embedding for Device CONTROLLER running...
2026-07-21 16:52:49,944 [ERROR] CUDA out of memory. Tried to allocate 30.42 GiB. GPU 1 has a total capacity of 31.74 GiB of which 26.95 GiB is free. Process 3784315 has 4.78 GiB memory in use. Of the allocated memory 4.32 GiB is allocated by PyTorch, and 95.66 MiB is reserved by PyTorch but unallocated. If reserved but unallocated memory is large try setting PYTORCH_ALLOC_CONF=expandable_segments:True to avoid fragmentation.  See documentation for Memory Management  (https://pytorch.org/docs/stable/notes/cuda.html#environment-variables)
2026-07-21 16:52:51,643 [ERROR] CUDA out of memory. Tried to allocate 30.42 GiB. GPU 1 has a total capacity of 31.74 GiB of which 26.95 GiB is free. Process 3784315 has 4.78 GiB memory in use. Of the allocated memory 4.32 GiB is allocated by PyTorch, and 95.66 MiB is reserved by PyTorch but unallocated. If reserved but unallocated memory is large try setting PYTORCH_ALLOC_CONF=expandable_segments:True to avoid fragmentation.  See documentation for Memory Management  (https://pytorch.org/docs/stable/notes/cuda.html#environment-variables)
2026-07-21 16:52:53,316 [ERROR] CUDA out of memory. Tried to allocate 30.42 GiB. GPU 1 has a total capacity of 31.74 GiB of which 26.95 GiB is free. Process 3784315 has 4.78 GiB memory in use. Of the allocated memory 4.32 GiB is allocated by PyTorch, and 95.66 MiB is reserved by PyTorch but unallocated. If reserved but unallocated memory is large try setting PYTORCH_ALLOC_CONF=expandable_segments:True to avoid fragmentation.  See documentation for Memory Management  (https://pytorch.org/docs/stable/notes/cuda.html#environment-variables)
2026-07-21 16:52:53,318 [INFO] [DEBUG] Chunking Text index: 101
2026-07-21 16:52:57,771 [INFO] [DEBUG] Embedding Length: 1024
2026-07-21 16:53:18,534 [ERROR] CUDA out of memory. Tried to allocate 38.73 GiB. GPU 1 has a total capacity of 31.74 GiB of which 26.29 GiB is free. Process 3784315 has 5.45 GiB memory in use. Of the allocated memory 5.01 GiB is allocated by PyTorch, and 72.11 MiB is reserved by PyTorch but unallocated. If reserved but unallocated memory is large try setting PYTORCH_ALLOC_CONF=expandable_segments:True to avoid fragmentation.  See documentation for Memory Management  (https://pytorch.org/docs/stable/notes/cuda.html#environment-variables)
2026-07-21 16:53:20,172 [ERROR] CUDA out of memory. Tried to allocate 38.73 GiB. GPU 1 has a total capacity of 31.74 GiB of which 26.25 GiB is free. Process 3784315 has 5.48 GiB memory in use. Of the allocated memory 5.01 GiB is allocated by PyTorch, and 112.11 MiB is reserved by PyTorch but unallocated. If reserved but unallocated memory is large try setting PYTORCH_ALLOC_CONF=expandable_segments:True to avoid fragmentation.  See documentation for Memory Management  (https://pytorch.org/docs/stable/notes/cuda.html#environment-variables)
2026-07-21 16:53:21,860 [ERROR] CUDA out of memory. Tried to allocate 38.73 GiB. GPU 1 has a total capacity of 31.74 GiB of which 26.29 GiB is free. Process 3784315 has 5.45 GiB memory in use. Of the allocated memory 5.01 GiB is allocated by PyTorch, and 72.11 MiB is reserved by PyTorch but unallocated. If reserved but unallocated memory is large try setting PYTORCH_ALLOC_CONF=expandable_segments:True to avoid fragmentation.  See documentation for Memory Management  (https://pytorch.org/docs/stable/notes/cuda.html#environment-variables)
2026-07-21 16:53:21,862 [INFO] [DEBUG] Chunking Text index: 155
2026-07-21 16:53:27,047 [INFO] [DEBUG] Embedding Length: 1024
2026-07-21 16:55:01,522 [INFO] Embedding Length: 469
2026-07-21 16:55:02,549 [INFO] [**] Qwen3 embedding done!
2026-07-21 16:55:02,550 [INFO] [PCA] PCA for Device CONTROLLER running...
2026-07-21 16:55:02,886 [INFO] [PCA] PCA for Device CONTROLLER done!
2026-07-21 16:55:02,887 [INFO] [HDBSCAN] HDBSCAN for Device CONTROLLER running...
2026-07-21 16:55:03,190 [INFO] [HDBSCAN] Cluster Result of Device CONTROLLER: 3 clusters, 213 noise points
2026-07-21 16:55:03,190 [INFO] [HDBSCAN] Clustering done for Device CONTROLLER
2026-07-21 16:55:03,492 [INFO] PCA (256) Embedding & Clustering Result Saved at /home/iot-classification/platform_data/csv/local/1/embedding_http/ipraw_CONTROLLER_embedding_http_pca.csv
2026-07-21 16:55:03,492 [INFO] [*] Drawing 2D cluster plot for device ALARM - perspective embedding_http
2026-07-21 16:55:05,759 [INFO] [+] 2D cluster plot saved to: /home/iot-classification/platform_data/csv/local/1/embedding_http/png/cluster_2d_ALARM_pca1_pca2_dbscan(pca).png
2026-07-21 16:55:05,759 [INFO] [*] Drawing 2D cluster plot for device CONTROLLER - perspective embedding_http
2026-07-21 16:55:07,751 [INFO] [+] 2D cluster plot saved to: /home/iot-classification/platform_data/csv/local/1/embedding_http/png/cluster_2d_CONTROLLER_pca1_pca2_dbscan(pca).png
2026-07-21 16:55:07,760 [INFO] Service analysis for http_embedding finished at 2026-07-21 16:55:07
2026-07-21 16:55:07,761 [INFO] ['ALARM', 'CONTROLLER']
2026-07-21 16:55:07,761 [INFO] Analyzing embedding_http distribution for device ALARM
2026-07-21 16:55:08,095 [INFO] embedding_http distribution stats saved to: /home/iot-classification/platform_data/csv/local/1/embedding_http/json/embedding_http_distribution_ALARM.json
2026-07-21 16:55:08,095 [INFO]   - Unique http-info: 709
2026-07-21 16:55:08,095 [INFO] Drawing embedding_http combination bar chart for ALARM...
2026-07-21 16:55:25,662 [ERROR] dev_distribution failed for http: Could not convert glyph to bitmap (raster overflow; error code 0x62). Continuing with next perspective.
2026-07-21 16:55:25,663 [INFO] Embedding & Clustering for http_embedding finished in 1155.17 seconds
2026-07-21 16:55:25,663 [INFO] Service analysis for certificate_embedding started at 2026-07-21 16:55:25
2026-07-21 16:55:25,664 [INFO] Feature columns: ['cert-info']
2026-07-21 16:55:26,222 [INFO] [certificate Embedding (PCA: True)] Embedding for Device ALARM running...
2026-07-21 16:56:39,326 [INFO] Embedding Length: 709
2026-07-21 16:56:40,859 [INFO] [**] Qwen3 embedding done!
2026-07-21 16:56:40,859 [INFO] [PCA] PCA for Device ALARM running...
2026-07-21 16:56:41,193 [INFO] [PCA] PCA for Device ALARM done!
2026-07-21 16:56:41,194 [INFO] [HDBSCAN] HDBSCAN for Device ALARM running...
2026-07-21 16:56:41,620 [INFO] [HDBSCAN] Cluster Result of Device ALARM: 5 clusters, 409 noise points
2026-07-21 16:56:41,620 [INFO] [HDBSCAN] Clustering done for Device ALARM
2026-07-21 16:56:42,109 [INFO] PCA (256) Embedding & Clustering Result Saved at /home/iot-classification/platform_data/csv/local/1/embedding_certificate/ipraw_ALARM_embedding_certificate_pca.csv
2026-07-21 16:56:42,467 [INFO] [certificate Embedding (PCA: True)] Embedding for Device CONTROLLER running...
2026-07-21 16:57:14,117 [INFO] Embedding Length: 469
2026-07-21 16:57:15,147 [INFO] [**] Qwen3 embedding done!
2026-07-21 16:57:15,147 [INFO] [PCA] PCA for Device CONTROLLER running...
2026-07-21 16:57:15,986 [INFO] [PCA] PCA for Device CONTROLLER done!
2026-07-21 16:57:15,986 [INFO] [HDBSCAN] HDBSCAN for Device CONTROLLER running...
2026-07-21 16:57:16,289 [INFO] [HDBSCAN] Cluster Result of Device CONTROLLER: 1 clusters, 0 noise points
2026-07-21 16:57:16,289 [INFO] [HDBSCAN] Clustering done for Device CONTROLLER
2026-07-21 16:57:16,580 [INFO] PCA (256) Embedding & Clustering Result Saved at /home/iot-classification/platform_data/csv/local/1/embedding_certificate/ipraw_CONTROLLER_embedding_certificate_pca.csv
2026-07-21 16:57:16,580 [INFO] [*] Drawing 2D cluster plot for device ALARM - perspective embedding_certificate
2026-07-21 16:57:18,808 [INFO] [+] 2D cluster plot saved to: /home/iot-classification/platform_data/csv/local/1/embedding_certificate/png/cluster_2d_ALARM_pca1_pca2_dbscan(pca).png
2026-07-21 16:57:18,808 [INFO] [*] Drawing 2D cluster plot for device CONTROLLER - perspective embedding_certificate
2026-07-21 16:57:20,870 [INFO] [+] 2D cluster plot saved to: /home/iot-classification/platform_data/csv/local/1/embedding_certificate/png/cluster_2d_CONTROLLER_pca1_pca2_dbscan(pca).png
2026-07-21 16:57:20,877 [INFO] Service analysis for certificate_embedding finished at 2026-07-21 16:57:20
2026-07-21 16:57:20,878 [INFO] ['ALARM', 'CONTROLLER']
2026-07-21 16:57:20,878 [INFO] Analyzing embedding_certificate distribution for device ALARM
2026-07-21 16:57:21,139 [INFO] embedding_certificate distribution stats saved to: /home/iot-classification/platform_data/csv/local/1/embedding_certificate/json/embedding_certificate_distribution_ALARM.json
2026-07-21 16:57:21,139 [INFO]   - Unique cert-info: 543
2026-07-21 16:57:21,139 [INFO] Drawing embedding_certificate combination bar chart for ALARM...
2026-07-21 16:57:24,368 [INFO] embedding_certificate combination bar chart saved to: /home/iot-classification/platform_data/csv/local/1/embedding_certificate/png/embedding_certificate_combination_bar_ALARM.png
2026-07-21 16:57:24,369 [INFO] Analyzing embedding_certificate distribution for device CONTROLLER
2026-07-21 16:57:24,435 [INFO] embedding_certificate distribution stats saved to: /home/iot-classification/platform_data/csv/local/1/embedding_certificate/json/embedding_certificate_distribution_CONTROLLER.json
2026-07-21 16:57:24,435 [INFO]   - Unique cert-info: 418
2026-07-21 16:57:24,435 [INFO] Drawing embedding_certificate combination bar chart for CONTROLLER...
2026-07-21 16:57:25,655 [INFO] embedding_certificate combination bar chart saved to: /home/iot-classification/platform_data/csv/local/1/embedding_certificate/png/embedding_certificate_combination_bar_CONTROLLER.png
2026-07-21 16:57:25,656 [INFO] Embedding & Clustering for certificate_embedding finished in 119.99 seconds
2026-07-21 16:57:25,657 [INFO] Service analysis for dns_embedding started at 2026-07-21 16:57:25
2026-07-21 16:57:25,657 [INFO] Feature columns: ['dns-reverse']
2026-07-21 16:57:25,996 [INFO] [dns Embedding (PCA: True)] Embedding for Device ALARM running...
2026-07-21 16:58:11,857 [INFO] Embedding Length: 709
2026-07-21 16:58:13,384 [INFO] [**] Qwen3 embedding done!
2026-07-21 16:58:13,384 [INFO] [PCA] PCA for Device ALARM running...
2026-07-21 16:58:13,889 [INFO] [PCA] PCA for Device ALARM done!
2026-07-21 16:58:13,889 [INFO] [HDBSCAN] HDBSCAN for Device ALARM running...
2026-07-21 16:58:14,189 [INFO] [HDBSCAN] Cluster Result of Device ALARM: 1 clusters, 0 noise points
2026-07-21 16:58:14,190 [INFO] [HDBSCAN] Clustering done for Device ALARM
2026-07-21 16:58:14,308 [INFO] PCA (256) Embedding & Clustering Result Saved at /home/iot-classification/platform_data/csv/local/1/embedding_dns/ipraw_ALARM_embedding_dns_pca.csv
2026-07-21 16:58:14,694 [INFO] [dns Embedding (PCA: True)] Embedding for Device CONTROLLER running...
2026-07-21 16:58:45,033 [INFO] Embedding Length: 469
2026-07-21 16:58:46,045 [INFO] [**] Qwen3 embedding done!
2026-07-21 16:58:46,045 [INFO] [PCA] PCA for Device CONTROLLER running...
2026-07-21 16:58:46,273 [INFO] [PCA] PCA for Device CONTROLLER done!
2026-07-21 16:58:46,273 [INFO] [HDBSCAN] HDBSCAN for Device CONTROLLER running...
2026-07-21 16:58:46,437 [INFO] [HDBSCAN] Cluster Result of Device CONTROLLER: 1 clusters, 0 noise points
2026-07-21 16:58:46,437 [INFO] [HDBSCAN] Clustering done for Device CONTROLLER
2026-07-21 16:58:46,559 [INFO] PCA (256) Embedding & Clustering Result Saved at /home/iot-classification/platform_data/csv/local/1/embedding_dns/ipraw_CONTROLLER_embedding_dns_pca.csv
2026-07-21 16:58:46,559 [INFO] [*] Drawing 2D cluster plot for device ALARM - perspective embedding_dns
2026-07-21 16:58:48,287 [INFO] [+] 2D cluster plot saved to: /home/iot-classification/platform_data/csv/local/1/embedding_dns/png/cluster_2d_ALARM_pca1_pca2_dbscan(pca).png
2026-07-21 16:58:48,287 [INFO] [*] Drawing 2D cluster plot for device CONTROLLER - perspective embedding_dns
2026-07-21 16:58:49,970 [INFO] [+] 2D cluster plot saved to: /home/iot-classification/platform_data/csv/local/1/embedding_dns/png/cluster_2d_CONTROLLER_pca1_pca2_dbscan(pca).png
2026-07-21 16:58:49,977 [INFO] Service analysis for dns_embedding finished at 2026-07-21 16:58:49
2026-07-21 16:58:49,977 [INFO] ['ALARM', 'CONTROLLER']
2026-07-21 16:58:49,978 [INFO] Analyzing embedding_dns distribution for device ALARM
2026-07-21 16:58:50,236 [INFO] embedding_dns distribution stats saved to: /home/iot-classification/platform_data/csv/local/1/embedding_dns/json/embedding_dns_distribution_ALARM.json
2026-07-21 16:58:50,236 [INFO]   - Unique dns-reverse: 1
2026-07-21 16:58:50,236 [INFO] Drawing embedding_dns combination bar chart for ALARM...
2026-07-21 16:58:50,526 [INFO] embedding_dns combination bar chart saved to: /home/iot-classification/platform_data/csv/local/1/embedding_dns/png/embedding_dns_combination_bar_ALARM.png
2026-07-21 16:58:50,526 [INFO] Analyzing embedding_dns distribution for device CONTROLLER
2026-07-21 16:58:50,592 [INFO] embedding_dns distribution stats saved to: /home/iot-classification/platform_data/csv/local/1/embedding_dns/json/embedding_dns_distribution_CONTROLLER.json
2026-07-21 16:58:50,592 [INFO]   - Unique dns-reverse: 1
2026-07-21 16:58:50,592 [INFO] Drawing embedding_dns combination bar chart for CONTROLLER...
2026-07-21 16:58:50,851 [INFO] embedding_dns combination bar chart saved to: /home/iot-classification/platform_data/csv/local/1/embedding_dns/png/embedding_dns_combination_bar_CONTROLLER.png
2026-07-21 16:58:50,852 [INFO] Embedding & Clustering for dns_embedding finished in 85.20 seconds
2026-07-21 16:59:11,754 [INFO] Saved concatenated embedding for device ALARM to /home/iot-classification/platform_data/csv/local/1/embedding_local/ipraw_ALARM_embedding.csv (11265 cols)
2026-07-21 16:59:25,654 [INFO] Saved concatenated embedding for device CONTROLLER to /home/iot-classification/platform_data/csv/local/1/embedding_local/ipraw_CONTROLLER_embedding.csv (11265 cols)
